relation,tail,filteredTripleCount,tripleCount,representation
http://bias.org/vocab/common/topic/webpage./common/webpage/category,http://bias.org/entity/m/08mbj5d,3613,5945,0.6077376
http://bias.org/vocab/people/person/gender,http://bias.org/entity/m/05zppz,2917,3721,0.78392905
http://bias.org/vocab/people/person/spouse_s./people/marriage/type_of_union,http://bias.org/entity/m/04ztj,2586,2909,0.8889653
http://bias.org/vocab/people/person/nationality,http://bias.org/entity/m/09c7w0,2510,4198,0.5979038
http://bias.org/vocab/film/film/language,http://bias.org/entity/m/02h40lc,1477,2570,0.57470816
http://bias.org/vocab/film/film/country,http://bias.org/entity/m/09c7w0,1317,2407,0.5471541
http://bias.org/vocab/film/film/release_date_s./film/film_regional_release_date/film_release_distribution_medium,http://bias.org/entity/m/029j_,1311,1429,0.9174248
http://bias.org/vocab/film/film/estimated_budget./measurement_unit/dated_money_value/currency,http://bias.org/entity/m/09nqf,1164,1210,0.96198344
http://bias.org/vocab/location/hud_foreclosure_area/estimated_number_of_mortgages./measurement_unit/dated_integer/source,http://bias.org/entity/m/0jbk9,789,789,1.0
http://bias.org/vocab/location/hud_foreclosure_area/estimated_number_foreclosures./measurement_unit/dated_integer/source,http://bias.org/entity/m/0jbk9,788,788,1.0
http://bias.org/vocab/location/hud_foreclosure_area/hhuniv./measurement_unit/dated_integer/source,http://bias.org/entity/m/0jbk9,785,785,1.0
http://bias.org/vocab/location/hud_foreclosure_area/total_90_day_vacant_residential_addresses./measurement_unit/dated_integer/source,http://bias.org/entity/m/0jbk9,782,782,1.0
http://bias.org/vocab/location/hud_foreclosure_area/total_residential_addresses./measurement_unit/dated_integer/source,http://bias.org/entity/m/0jbk9,775,775,1.0
http://bias.org/vocab/people/person/languages,http://bias.org/entity/m/02h40lc,501,783,0.63984674
http://bias.org/vocab/base/schemastaging/person_extra/net_worth./measurement_unit/dated_money_value/currency,http://bias.org/entity/m/09nqf,457,475,0.9621053
http://bias.org/vocab/user/tsegaran/random/taxonomy_subject/entry./user/tsegaran/random/taxonomy_entry/taxonomy,http://bias.org/entity/m/04n6k,411,411,1.0
http://bias.org/vocab/location/statistical_region/rent50_1./measurement_unit/dated_money_value/currency,http://bias.org/entity/m/09nqf,389,389,1.0
http://bias.org/vocab/location/statistical_region/rent50_3./measurement_unit/dated_money_value/currency,http://bias.org/entity/m/09nqf,378,378,1.0
http://bias.org/vocab/location/statistical_region/rent50_4./measurement_unit/dated_money_value/currency,http://bias.org/entity/m/09nqf,376,376,1.0
http://bias.org/vocab/location/statistical_region/rent50_2./measurement_unit/dated_money_value/currency,http://bias.org/entity/m/09nqf,373,373,1.0
http://bias.org/vocab/location/statistical_region/rent50_0./measurement_unit/dated_money_value/currency,http://bias.org/entity/m/09nqf,370,370,1.0
http://bias.org/vocab/education/university/domestic_tuition./measurement_unit/dated_money_value/currency,http://bias.org/entity/m/09nqf,353,476,0.74159664
http://bias.org/vocab/location/administrative_division/second_level_division_of,http://bias.org/entity/m/09c7w0,344,476,0.7226891
http://bias.org/vocab/organization/endowed_organization/endowment./measurement_unit/dated_money_value/currency,http://bias.org/entity/m/09nqf,339,456,0.7434211
http://bias.org/vocab/education/university/local_tuition./measurement_unit/dated_money_value/currency,http://bias.org/entity/m/09nqf,302,360,0.8388889
http://bias.org/vocab/sports/sports_team/sport,http://bias.org/entity/m/02vx4,270,423,0.63829786
http://bias.org/vocab/film/actor/film./film/performance/special_performance_type,http://bias.org/entity/m/0147fv,229,409,0.5599022
http://bias.org/vocab/tv/tv_producer/programs_produced./tv/tv_producer_term/producer_type,http://bias.org/entity/m/0ckd1,225,225,1.0
http://bias.org/vocab/tv/tv_program/languages,http://bias.org/entity/m/02h40lc,218,254,0.8582677
http://bias.org/vocab/location/statistical_region/gdp_nominal./measurement_unit/dated_money_value/currency,http://bias.org/entity/m/09nqf,215,220,0.97727275
http://bias.org/vocab/business/business_operation/revenue./measurement_unit/dated_money_value/currency,http://bias.org/entity/m/09nqf,213,215,0.9906977
http://bias.org/vocab/tv/tv_program/country_of_origin,http://bias.org/entity/m/09c7w0,203,269,0.75464684
http://bias.org/vocab/business/business_operation/operating_income./measurement_unit/dated_money_value/currency,http://bias.org/entity/m/09nqf,197,198,0.9949495
http://bias.org/vocab/film/person_or_entity_appearing_in_film/films./film/personal_film_appearance/type_of_appearance,http://bias.org/entity/m/0147fv,195,232,0.8405172
http://bias.org/vocab/business/business_operation/assets./measurement_unit/dated_money_value/currency,http://bias.org/entity/m/09nqf,180,181,0.9944751
http://bias.org/vocab/organization/organization/headquarters./location/mailing_address/country,http://bias.org/entity/m/09c7w0,177,182,0.97252744
http://bias.org/vocab/location/statistical_region/gdp_nominal_per_capita./measurement_unit/dated_money_value/currency,http://bias.org/entity/m/09nqf,172,190,0.9052632
http://bias.org/vocab/location/statistical_region/gdp_real./measurement_unit/adjusted_money_value/adjustment_currency,http://bias.org/entity/m/09nqf,160,160,1.0
http://bias.org/vocab/base/aareas/schema/administrative_area/administrative_area_type,http://bias.org/entity/m/0hzc9wc,156,156,1.0
http://bias.org/vocab/location/statistical_region/gni_in_ppp_dollars./measurement_unit/dated_money_value/currency,http://bias.org/entity/m/09nqf,151,151,1.0
http://bias.org/vocab/location/statistical_region/gni_per_capita_in_ppp_dollars./measurement_unit/dated_money_value/currency,http://bias.org/entity/m/09nqf,149,149,1.0
http://bias.org/vocab/base/schemastaging/organization_extra/phone_number./base/schemastaging/phone_sandbox/service_language,http://bias.org/entity/m/02h40lc,130,208,0.625
http://bias.org/vocab/film/film/distributors./film/film_film_distributor_relationship/region,http://bias.org/entity/m/07ssc,127,157,0.8089172
http://bias.org/vocab/organization/non_profit_organization/registered_with./organization/non_profit_registration/registering_agency,http://bias.org/entity/m/03z19,125,125,1.0
http://bias.org/vocab/tv/tv_program/tv_producer./tv/tv_producer_term/producer_type,http://bias.org/entity/m/0ckd1,122,122,1.0
http://bias.org/vocab/base/eating/practicer_of_diet/diet,http://bias.org/entity/m/07_jd,109,137,0.79562044
http://bias.org/vocab/film/actor/dubbing_performances./film/dubbing_performance/language,http://bias.org/entity/m/02h40lc,109,112,0.97321427
http://bias.org/vocab/base/schemastaging/organization_extra/phone_number./base/schemastaging/phone_sandbox/contact_category,http://bias.org/entity/m/03w5xm,90,142,0.63380283
http://bias.org/vocab/base/americancomedy/impersonated_celebrity/impersonated_by,http://bias.org/entity/m/03m6t5,85,124,0.6854839
http://bias.org/vocab/award/award_category/category_of,http://bias.org/entity/m/0c4ys,79,148,0.5337838
http://bias.org/vocab/business/business_operation/net_profit./measurement_unit/dated_money_value/currency,http://bias.org/entity/m/09nqf,73,74,0.9864865
http://bias.org/vocab/film/film/gross_revenue./measurement_unit/dated_money_value/currency,http://bias.org/entity/m/09nqf,68,69,0.98550725
http://bias.org/vocab/education/university/international_tuition./measurement_unit/dated_money_value/currency,http://bias.org/entity/m/01nv4h,65,117,0.5555556
http://bias.org/vocab/organization/organization/phone_number./common/phone_number/category,http://bias.org/entity/m/03w5xm,64,64,1.0
http://bias.org/vocab/business/business_operation/liabilities./measurement_unit/dated_money_value/currency,http://bias.org/entity/m/09nqf,61,61,1.0
http://bias.org/vocab/organization/organization/phone_number./common/phone_number/service_location,http://bias.org/entity/m/09c7w0,57,85,0.67058825
http://bias.org/vocab/business/business_operation/retained_earnings./measurement_unit/dated_money_value/currency,http://bias.org/entity/m/09nqf,55,55,1.0
http://bias.org/vocab/broadcast/artist/content,http://bias.org/entity/m/03gfvsz,54,103,0.52427185
http://bias.org/vocab/military/military_person/participated_in_conflicts,http://bias.org/entity/m/081pw,54,80,0.675
http://bias.org/vocab/business/business_operation/current_assets./measurement_unit/dated_money_value/currency,http://bias.org/entity/m/09nqf,52,52,1.0
http://bias.org/vocab/protected_sites/listed_site/designation_as_natural_or_cultural_site./protected_sites/natural_or_cultural_site_listing/designation,http://bias.org/entity/m/0c7g7,50,69,0.7246377
http://bias.org/vocab/business/business_operation/current_liabilities./measurement_unit/dated_money_value/currency,http://bias.org/entity/m/09nqf,49,49,1.0
http://bias.org/vocab/government/legislative_session/members./government/government_position_held/basic_title,http://bias.org/entity/m/02079p,48,79,0.6075949
http://bias.org/vocab/government/legislative_session/members./government/government_position_held/office_position_or_title,http://bias.org/entity/m/0cgqx,46,46,1.0
http://bias.org/vocab/tv/tv_actor/starring_roles./tv/regular_tv_appearance/special_performance_type,http://bias.org/entity/m/0147fv,46,79,0.5822785
http://bias.org/vocab/base/schemastaging/tv_actor_extra/regular_dubbing_performances./base/schemastaging/tv_star_dubbing_performance/language,http://bias.org/entity/m/02h40lc,45,49,0.9183673
http://bias.org/vocab/business/business_operation/cash./measurement_unit/dated_money_value/currency,http://bias.org/entity/m/09nqf,44,44,1.0
http://bias.org/vocab/government/legislative_session/legislature,http://bias.org/entity/m/07t31,44,49,0.8979592
http://bias.org/vocab/government/political_district/representatives./government/government_position_held/jurisdiction_of_office,http://bias.org/entity/m/09c7w0,43,51,0.84313726
http://bias.org/vocab/government/legislative_session/members./government/government_position_held/jurisdiction_of_office,http://bias.org/entity/m/09c7w0,40,43,0.9302326
http://bias.org/vocab/government/political_district/representatives./government/government_position_held/governmental_body,http://bias.org/entity/m/07t58,40,73,0.5479452
http://bias.org/vocab/film/film/runtime./film/film_cut/type_of_film_cut,http://bias.org/entity/m/02f4z,39,52,0.75
http://bias.org/vocab/celebrities/celebrity/sexual_orientation./celebrities/sexual_orientation_phase/sexual_orientation,http://bias.org/entity/m/03nh9,33,39,0.84615386
http://bias.org/vocab/user/alexbl/honorary_title/titled_person/honorary_title./user/alexbl/honorary_title/honorary_title_holding/honorary_title,http://bias.org/entity/m/01gzdk,32,39,0.82051283
http://bias.org/vocab/people/appointer/appointment_made./people/appointment/appointed_role,http://bias.org/entity/m/012w3,30,36,0.8333333
http://bias.org/vocab/government/political_appointer/appointees./government/government_position_held/jurisdiction_of_office,http://bias.org/entity/m/09c7w0,29,41,0.70731705
http://bias.org/vocab/sports/sports_team/season_record./sports/sports_team_season_record/season,http://bias.org/entity/m/03gqdq7,29,29,1.0
http://bias.org/vocab/american_football/football_team/historical_coaching_staff./american_football/football_historical_coach_position/position,http://bias.org/entity/m/02md_2,28,28,1.0
http://bias.org/vocab/film/film/dubbing_performances./film/dubbing_performance/language,http://bias.org/entity/m/02h40lc,28,37,0.7567568
http://bias.org/vocab/government/political_appointer/appointees./government/government_position_held/basic_title,http://bias.org/entity/m/0789n,28,46,0.6086956
http://bias.org/vocab/government/political_appointer/appointees./government/government_position_held/office_position_or_title,http://bias.org/entity/m/0bw8r,28,53,0.5283019
http://bias.org/vocab/language/human_language/writing_system,http://bias.org/entity/m/04n0p,27,41,0.6585366
http://bias.org/vocab/user/hangy/default_domain/sports_team_gender/gender,http://bias.org/entity/m/05zppz,25,25,1.0
http://bias.org/vocab/base/schemastaging/tv_program_extra/regular_dubbing_performances./base/schemastaging/tv_star_dubbing_performance/language,http://bias.org/entity/m/02h40lc,23,37,0.6216216
http://bias.org/vocab/language/human_language/language_family,http://bias.org/entity/m/03v09,22,26,0.84615386
http://bias.org/vocab/user/alexander/philosophy/philosopher/era,http://bias.org/entity/m/03dft3,21,21,1.0
http://bias.org/vocab/base/schemastaging/athlete_extra/salary./base/schemastaging/athlete_salary/currency,http://bias.org/entity/m/09nqf,20,36,0.5555556
http://bias.org/vocab/olympics/olympic_athlete/country./olympics/olympic_athlete_affiliation/country,http://bias.org/entity/m/09c7w0,20,38,0.5263158
http://bias.org/vocab/tv/tv_program/regular_cast./tv/regular_tv_appearance/special_performance_type,http://bias.org/entity/m/01kyvx,20,27,0.7407407
http://bias.org/vocab/sports/sports_league_season/awards./sports/sports_award/award,http://bias.org/entity/m/05bl7j,19,20,0.95
http://bias.org/vocab/visual_art/visual_artist/art_forms,http://bias.org/entity/m/05qdh,19,32,0.59375
http://bias.org/vocab/business/board_member/leader_of./organization/leadership/role,http://bias.org/entity/m/0dq_5,18,23,0.7826087
http://bias.org/vocab/chemistry/chemical_compound/solubility./chemistry/solubility_relationship/solvent,http://bias.org/entity/m/0838f,18,20,0.9
http://bias.org/vocab/medicine/drug/legal_status,http://bias.org/entity/m/01_7r6,15,23,0.65217394
http://bias.org/vocab/travel/travel_destination/how_to_get_here./travel/transportation/transport_operator,http://bias.org/entity/m/0dn_w,15,16,0.9375
http://bias.org/vocab/common/webpage/category,http://bias.org/entity/m/08mbj5d,14,14,1.0
http://bias.org/vocab/education/educational_institution/sexes_accepted./education/gender_enrollment/sex,http://bias.org/entity/m/05zppz,14,27,0.5185185
http://bias.org/vocab/fictional_universe/fictional_character/gender,http://bias.org/entity/m/05zppz,14,17,0.8235294
http://bias.org/vocab/government/governmental_jurisdiction/official_symbols./location/location_symbol_relationship/symbol,http://bias.org/entity/m/04zpv,14,19,0.7368421
http://bias.org/vocab/olympics/olympic_athlete/medals_won./olympics/olympic_medal_honor/country,http://bias.org/entity/m/09c7w0,14,26,0.53846157
http://bias.org/vocab/base/americancomedy/comedy_group_member/belongs_to./base/americancomedy/comedy_group_membership/group,http://bias.org/entity/m/02rlzj,13,16,0.8125
http://bias.org/vocab/baseball/baseball_team/league,http://bias.org/entity/m/0h69c,13,13,1.0
http://bias.org/vocab/film/film/other_film_companies./film/film_film_company_relationship/film_company,http://bias.org/entity/m/0c41qv,13,13,1.0
http://bias.org/vocab/base/popstra/celebrity/eats_at./base/popstra/restaurant_choice/restaurant,http://bias.org/entity/m/018c_r,12,21,0.5714286
http://bias.org/vocab/base/schemastaging/person_extra/net_worth./measurement_unit/dated_money_value/source,http://bias.org/entity/m/01r2lw,12,12,1.0
http://bias.org/vocab/fictional_universe/work_of_fiction/part_of_these_fictional_universes,http://bias.org/entity/m/06mv6,12,20,0.6
http://bias.org/vocab/government/government_agency/jurisdiction,http://bias.org/entity/m/09c7w0,12,21,0.5714286
http://bias.org/vocab/user/narphorium/people/wealthy_person/net_worth./measurement_unit/dated_money_value/currency,http://bias.org/entity/m/09nqf,12,12,1.0
http://bias.org/vocab/award/long_list_nominee/long_list_nominations./award/long_list_nomination/award,http://bias.org/entity/m/0265vt,11,11,1.0
http://bias.org/vocab/biology/organism_classification/rank,http://bias.org/entity/m/06zf0,11,21,0.52380955
http://bias.org/vocab/royalty/kingdom/rulers,http://bias.org/entity/m/0d1_f,11,18,0.6111111
http://bias.org/vocab/sports/sports_championship_event/championship,http://bias.org/entity/m/02jp2w,11,11,1.0
http://bias.org/vocab/base/crime/convicted_criminal/convictions./base/crime/criminal_conviction/guilty_of,http://bias.org/entity/m/0_5w_,10,17,0.5882353
http://bias.org/vocab/broadcast/radio_format/stations,http://bias.org/entity/m/04y652m,10,10,1.0
http://bias.org/vocab/tv/tv_series_episode/series,http://bias.org/entity/m/02ryvsw,10,12,0.8333333
http://bias.org/vocab/broadcast/genre/content,http://bias.org/entity/m/04y652m,9,12,0.75
http://bias.org/vocab/cvg/computer_videogame/gameplay_modes,http://bias.org/entity/m/02hjn4,9,16,0.5625
http://bias.org/vocab/base/americancomedy/comedian/comedy_genres,http://bias.org/entity/m/06nbt,8,12,0.6666667
http://bias.org/vocab/base/bioventurist/bv_medical_condition/company_involved,http://bias.org/entity/m/01_lh1,8,14,0.5714286
http://bias.org/vocab/base/crime/crime_victim/crime,http://bias.org/entity/m/05pb534,8,8,1.0
http://bias.org/vocab/base/crime/crime_victim/crime_type,http://bias.org/entity/m/012hw,8,8,1.0
http://bias.org/vocab/base/popstra/celebrity/wears./base/popstra/fashion_choice/designer,http://bias.org/entity/m/0lwkh,8,11,0.72727275
http://bias.org/vocab/cvg/computer_game_subject/games,http://bias.org/entity/m/02q8x4x,8,8,1.0
http://bias.org/vocab/protected_sites/listed_site/designation_as_natural_or_cultural_site./protected_sites/natural_or_cultural_site_listing/category_or_criteria,http://bias.org/entity/m/0245zn,8,8,1.0
http://bias.org/vocab/religion/religion/deities,http://bias.org/entity/m/045m1_,8,8,1.0
http://bias.org/vocab/user/coco/science/concepts_theories/parent_concept,http://bias.org/entity/m/04rjg,8,12,0.6666667
http://bias.org/vocab/computer/software/software_genre,http://bias.org/entity/m/05khh,7,7,1.0
http://bias.org/vocab/location/country/currency_formerly_used,http://bias.org/entity/m/02gsvk,7,8,0.875
http://bias.org/vocab/periodicals/newspaper_circulation_area/newspapers,http://bias.org/entity/m/07k2d,7,7,1.0
http://bias.org/vocab/religion/religion/texts,http://bias.org/entity/m/015j7,7,7,1.0
http://bias.org/vocab/tv/tv_actor/guest_roles./tv/tv_guest_role/character,http://bias.org/entity/m/015cjr,7,9,0.7777778
http://bias.org/vocab/base/contractbridge/bridge_player/second_place_finish./base/contractbridge/bridge_tournament_standings/tournament,http://bias.org/entity/m/02wvdvn,6,6,1.0
http://bias.org/vocab/film/film_character/portrayed_in_films_dubbed./film/dubbing_performance/language,http://bias.org/entity/m/02h40lc,6,7,0.85714287
http://bias.org/vocab/people/deceased_person/place_of_cremation,http://bias.org/entity/m/0nb1s,6,10,0.6
http://bias.org/vocab/tv/tv_character/appeared_in_tv_program./tv/regular_tv_appearance/special_performance_type,http://bias.org/entity/m/01kyvx,6,7,0.85714287
http://bias.org/vocab/architecture/museum/type_of_museum,http://bias.org/entity/m/0hhbr,5,6,0.8333333
http://bias.org/vocab/award/hall_of_fame/discipline,http://bias.org/entity/m/06ntj,5,7,0.71428573
http://bias.org/vocab/base/argumentmaps/morally_disputed_activity/instance_of_abstract_moral_dispute,http://bias.org/entity/m/020v2,5,6,0.8333333
http://bias.org/vocab/base/contractbridge/bridge_player/first_place_finish./base/contractbridge/bridge_tournament_standings/tournament,http://bias.org/entity/m/02wvdvn,5,5,1.0
http://bias.org/vocab/base/schemastaging/tv_character_extra/regular_dubbing_performances./base/schemastaging/tv_star_dubbing_performance/language,http://bias.org/entity/m/02h40lc,5,5,1.0
http://bias.org/vocab/book/book_subject/works,http://bias.org/entity/m/07bz5,5,7,0.71428573
http://bias.org/vocab/film/film/film_series,http://bias.org/entity/m/06mmr,5,6,0.8333333
http://bias.org/vocab/film/film/personal_appearances./film/personal_film_appearance/type_of_appearance,http://bias.org/entity/m/0147fv,5,6,0.8333333
http://bias.org/vocab/film/film_character/portrayed_in_films./film/performance/special_performance_type,http://bias.org/entity/m/01kyvx,5,7,0.71428573
http://bias.org/vocab/medicine/infectious_disease/infectious_agent_type,http://bias.org/entity/m/03qch2w,5,9,0.5555556
http://bias.org/vocab/royalty/noble_person/titles./royalty/noble_title_tenure/noble_title,http://bias.org/entity/m/0290vf,5,5,1.0
http://bias.org/vocab/travel/transport_terminus/travel_destinations_served./travel/transportation/mode_of_transportation,http://bias.org/entity/m/025t3bg,5,6,0.8333333
http://bias.org/vocab/tv/tv_series_season/regular_cast./tv/regular_tv_appearance/series,http://bias.org/entity/m/0464pz,5,6,0.8333333
http://bias.org/vocab/astronomy/orbital_relationship/orbits,http://bias.org/entity/m/06m_p,4,4,1.0
http://bias.org/vocab/astronomy/star_system_body/star_system,http://bias.org/entity/m/06p5g,4,4,1.0
http://bias.org/vocab/aviation/aircraft_owner/aircraft_fleet_composition./aviation/aircraft_ownership_count/aircraft_model,http://bias.org/entity/m/0137k8,4,6,0.6666667
http://bias.org/vocab/aviation/airline/focus_cities,http://bias.org/entity/m/04lyk,4,7,0.5714286
http://bias.org/vocab/base/events/festival_series/type_of_festival,http://bias.org/entity/m/02xb2,4,4,1.0
http://bias.org/vocab/base/yalebase/secret_society_member/belonged_to./base/yalebase/secret_society_membership/society,http://bias.org/entity/m/017l66,4,6,0.6666667
http://bias.org/vocab/biology/animal_breed/breed_of,http://bias.org/entity/m/0bt9lr,4,5,0.8
http://bias.org/vocab/biology/animal_breed/registered_with./biology/breed_registration/registry,http://bias.org/entity/m/0ljl8,4,4,1.0
http://bias.org/vocab/biology/organism_classification/higher_classification,http://bias.org/entity/m/0bt9lr,4,4,1.0
http://bias.org/vocab/broadcast/tv_station/owner,http://bias.org/entity/m/0g5lhl7,4,5,0.8
http://bias.org/vocab/computer/software/languages_used,http://bias.org/entity/m/01t6b,4,6,0.6666667
http://bias.org/vocab/education/school/highest_grade_taught,http://bias.org/entity/m/042_h5,4,4,1.0
http://bias.org/vocab/education/school/lowest_grade_taught,http://bias.org/entity/m/042_f1,4,4,1.0
http://bias.org/vocab/media_common/literary_genre/books_in_this_genre,http://bias.org/entity/m/07bz5,4,6,0.6666667
http://bias.org/vocab/american_football/football_player/passing./american_football/player_passing_statistics/season,http://bias.org/entity/m/03gqdq7,3,5,0.6
http://bias.org/vocab/base/schemastaging/tv_character_extra/regular_dubbing_performances./base/schemastaging/tv_star_dubbing_performance/program,http://bias.org/entity/m/020qr4,3,4,0.75
http://bias.org/vocab/comic_books/comic_book_character/primary_universe,http://bias.org/entity/m/01q_ks,3,4,0.75
http://bias.org/vocab/computer/software/compatible_oses./computer/software_compatibility/operating_system,http://bias.org/entity/m/04pm6,3,5,0.6
http://bias.org/vocab/dining/cuisine/restaurant,http://bias.org/entity/m/07gyp7,3,5,0.6
http://bias.org/vocab/fictional_universe/fictional_character/species,http://bias.org/entity/m/0dgw9r,3,5,0.6
http://bias.org/vocab/internet/website_category/sites,http://bias.org/entity/m/0kc9f,3,3,1.0
http://bias.org/vocab/location/statistical_region/population./measurement_unit/dated_integer/source,http://bias.org/entity/m/08mbj5d,3,3,1.0
http://bias.org/vocab/travel/transport_operator/travel_destinations_served./travel/transportation/mode_of_transportation,http://bias.org/entity/m/025t3bg,3,4,0.75
http://bias.org/vocab/tv/tv_series_season/series,http://bias.org/entity/m/0464pz,3,4,0.75
http://bias.org/vocab/user/tfmorris/default_domain/signatory/documents_signed,http://bias.org/entity/m/07v5q,3,3,1.0
http://bias.org/vocab/visual_art/art_subject/artwork_on_the_subject,http://bias.org/entity/m/0461wt,3,3,1.0
http://bias.org/vocab/american_football/football_player/rushing./american_football/player_rushing_statistics/season,http://bias.org/entity/m/04y6_qr,2,3,0.6666667
http://bias.org/vocab/architecture/structure/address./location/mailing_address/state_province_region,http://bias.org/entity/m/059rby,2,3,0.6666667
http://bias.org/vocab/aviation/aircraft_model/aircraft_type,http://bias.org/entity/m/0dhz0,2,2,1.0
http://bias.org/vocab/award/competition/instance_of_recurring_competition,http://bias.org/entity/m/07hn5,2,2,1.0
http://bias.org/vocab/base/endorsements/endorsee/newspaper_endorsements./base/endorsements/newspaper_endorsement/newspaper,http://bias.org/entity/m/07k2d,2,2,1.0
http://bias.org/vocab/base/fashionmodels/fashion_model/hair_color,http://bias.org/entity/m/0294jb,2,2,1.0
http://bias.org/vocab/base/petbreeds/dog_breed/group,http://bias.org/entity/m/0265rtm,2,2,1.0
http://bias.org/vocab/baseball/baseball_player/current_team./baseball/baseball_roster_position/position,http://bias.org/entity/m/02wszf,2,2,1.0
http://bias.org/vocab/baseball/baseball_player/current_team./baseball/baseball_roster_position/team,http://bias.org/entity/m/0cqt41,2,2,1.0
http://bias.org/vocab/baseball/baseball_player/current_team./sports/sports_team_roster/position,http://bias.org/entity/m/02wszf,2,2,1.0
http://bias.org/vocab/baseball/baseball_player/current_team./sports/sports_team_roster/team,http://bias.org/entity/m/0cqt41,2,2,1.0
http://bias.org/vocab/biology/organism/sex,http://bias.org/entity/m/05zppz,2,2,1.0
http://bias.org/vocab/book/written_work/original_language,http://bias.org/entity/m/02h40lc,2,2,1.0
http://bias.org/vocab/broadcast/content/language,http://bias.org/entity/m/02h40lc,2,2,1.0
http://bias.org/vocab/broadcast/content/producer,http://bias.org/entity/m/01p5yn,2,3,0.6666667
http://bias.org/vocab/business/consumer_product/company./business/company_product_relationship/company,http://bias.org/entity/m/04sv4,2,3,0.6666667
http://bias.org/vocab/comic_books/comic_book_series/publisher,http://bias.org/entity/m/03pnvq,2,3,0.6666667
http://bias.org/vocab/computer/software/developer,http://bias.org/entity/m/04sv4,2,3,0.6666667
http://bias.org/vocab/cvg/computer_videogame/designers,http://bias.org/entity/m/0kr7k,2,2,1.0
http://bias.org/vocab/education/academic_institution/visiting_scholars_fellows_etc./education/academic_post/person,http://bias.org/entity/m/06y7d,2,2,1.0
http://bias.org/vocab/exhibitions/exhibition_sponsor/exhibitions_sponsored./exhibitions/exhibition_run/venue,http://bias.org/entity/m/04gdr,2,2,1.0
http://bias.org/vocab/fictional_universe/ethnicity_in_fiction/characters_of_this_ethnicity,http://bias.org/entity/m/06rkl,2,3,0.6666667
http://bias.org/vocab/government/governmental_body/body_this_is_a_component_of,http://bias.org/entity/m/07t31,2,3,0.6666667
http://bias.org/vocab/ice_hockey/hockey_team/historical_roster./ice_hockey/hockey_previous_roster_position/player,http://bias.org/entity/m/01x2_q,2,3,0.6666667
http://bias.org/vocab/ice_hockey/hockey_team/historical_roster./sports/sports_team_roster/player,http://bias.org/entity/m/02y8bn,2,2,1.0
http://bias.org/vocab/internet/website/owner_new./internet/website_ownership/owner,http://bias.org/entity/m/0sxdg,2,2,1.0
http://bias.org/vocab/language/language_dialect/language,http://bias.org/entity/m/02h40lc,2,3,0.6666667
http://bias.org/vocab/sports/drafted_athlete/drafted./sports/sports_league_draft_pick/draft,http://bias.org/entity/m/038c0q,2,3,0.6666667
http://bias.org/vocab/sports/pro_athlete/teams./baseball/baseball_roster_position/position,http://bias.org/entity/m/02wszf,2,2,1.0
http://bias.org/vocab/sports/pro_athlete/teams./baseball/baseball_roster_position/team,http://bias.org/entity/m/0cqt41,2,2,1.0
http://bias.org/vocab/theater/theater_actor/theater_roles./theater/theater_role/role,http://bias.org/entity/m/027dcbn,2,3,0.6666667
http://bias.org/vocab/transportation/bridge_type/bridges_of_this_type,http://bias.org/entity/m/035p3,2,2,1.0
http://bias.org/vocab/tv/tv_producer/tv_episodes_produced./tv/tv_producer_episode_credit/episode,http://bias.org/entity/m/047mtnd,2,2,1.0
http://bias.org/vocab/tv/tv_writer/episodes_written,http://bias.org/entity/m/0gfzfj,2,3,0.6666667
http://bias.org/vocab/user/robert/military/military_person/participated_in_conflicts,http://bias.org/entity/m/0cm2xh,2,2,1.0
http://bias.org/vocab/user/robert/us_congress/congressional_district/state,http://bias.org/entity/m/059f4,2,2,1.0
http://bias.org/vocab/user/szaijan/fantasy_football/player/position,http://bias.org/entity/m/06b1q,2,2,1.0
http://bias.org/vocab/american_football/football_coach/coaching_history./american_football/football_historical_coach_position/position,http://bias.org/entity/m/02md_2,1,1,1.0
http://bias.org/vocab/american_football/football_coach/coaching_history./american_football/football_historical_coach_position/team,http://bias.org/entity/m/05l71,1,1,1.0
http://bias.org/vocab/american_football/football_coach_position/coaches_holding_this_position./american_football/football_historical_coach_position/coach,http://bias.org/entity/m/0frmb1,1,1,1.0
http://bias.org/vocab/american_football/football_player/current_team./american_football/football_roster_position/position,http://bias.org/entity/m/06b1q,1,1,1.0
http://bias.org/vocab/american_football/football_player/current_team./american_football/football_roster_position/team,http://bias.org/entity/m/05g3b,1,1,1.0
http://bias.org/vocab/american_football/football_player/current_team./sports/sports_team_roster/team,http://bias.org/entity/m/05g3b,1,1,1.0
http://bias.org/vocab/american_football/football_player/receiving./american_football/player_receiving_statistics/season,http://bias.org/entity/m/04y6_qr,1,1,1.0
http://bias.org/vocab/american_football/football_team/current_roster./american_football/football_roster_position/player,http://bias.org/entity/m/01xyt7,1,1,1.0
http://bias.org/vocab/american_football/football_team/current_roster./sports/sports_team_roster/player,http://bias.org/entity/m/01xyt7,1,1,1.0
http://bias.org/vocab/american_football/football_team/historical_coaching_staff./american_football/football_historical_coach_position/coach,http://bias.org/entity/m/0frmb1,1,1,1.0
http://bias.org/vocab/architecture/architect/structures_designed,http://bias.org/entity/m/0bvqq,1,1,1.0
http://bias.org/vocab/architecture/architectural_structure_owner/structures_owned./architecture/ownership/structure,http://bias.org/entity/m/022tzk,1,1,1.0
http://bias.org/vocab/architecture/structure/architect,http://bias.org/entity/m/0dx97,1,1,1.0
http://bias.org/vocab/architecture/structure/construction_cost./measurement_unit/money_value/currency,http://bias.org/entity/m/09nqf,1,1,1.0
http://bias.org/vocab/architecture/structure/owner./architecture/ownership/owner,http://bias.org/entity/m/02sjgpq,1,1,1.0
http://bias.org/vocab/aviation/aircraft_manufacturer/aircraft_models_made,http://bias.org/entity/m/01gt7,1,1,1.0
http://bias.org/vocab/aviation/aircraft_type/aircraft_of_this_type,http://bias.org/entity/m/01gt7,1,1,1.0
http://bias.org/vocab/aviation/airliner_accident/flight_destination,http://bias.org/entity/m/0p1l2,1,1,1.0
http://bias.org/vocab/award/hall_of_fame_inductee/hall_of_fame_inductions./award/hall_of_fame_induction/category,http://bias.org/entity/m/03k3r,1,1,1.0
http://bias.org/vocab/base/collectives/collective/members./base/collectives/collective_membership/member,http://bias.org/entity/m/01vrlr4,1,1,1.0
http://bias.org/vocab/base/collectives/collective_member/member_of./base/collectives/collective_membership/collective,http://bias.org/entity/m/01vrlqd,1,1,1.0
http://bias.org/vocab/base/crime/convicted_criminal/convictions./base/crime/criminal_conviction/sentence_type,http://bias.org/entity/m/01s5q,1,1,1.0
http://bias.org/vocab/base/disaster2/tactic/attacks_of_this_form./base/disaster2/attack_process/attack_event,http://bias.org/entity/m/0ft0s,1,1,1.0
http://bias.org/vocab/base/ecology/ecosystem/ecosystem_members,http://bias.org/entity/m/042g2h,1,1,1.0
http://bias.org/vocab/base/ecology/food_web_member/belongs_to_ecosystem_s,http://bias.org/entity/m/042g2h,1,1,1.0
http://bias.org/vocab/base/endorsements/endorsing_newspaper/endorsements./base/endorsements/newspaper_endorsement/election,http://bias.org/entity/m/024jvz,1,1,1.0
http://bias.org/vocab/base/fashionmodels/hair_color/fashion_models_with_this_hair_color,http://bias.org/entity/m/01pctb,1,1,1.0
http://bias.org/vocab/base/folklore/mythical_creature/mythology,http://bias.org/entity/m/026_51,1,1,1.0
http://bias.org/vocab/base/folklore/mythology/mythical_creatures,http://bias.org/entity/m/07yjb,1,1,1.0
http://bias.org/vocab/base/infrastructure/power_plant_type/power_station,http://bias.org/entity/m/05fly,1,1,1.0
http://bias.org/vocab/base/infrastructure/power_station/fuel_type,http://bias.org/entity/m/03j5zb,1,1,1.0
http://bias.org/vocab/base/patronage/client/related_patron./base/patronage/patron_client_relationship/patron,http://bias.org/entity/m/0gs7x,1,1,1.0
http://bias.org/vocab/base/patronage/patron/related_client./base/patronage/patron_client_relationship/client,http://bias.org/entity/m/07ym0,1,1,1.0
http://bias.org/vocab/base/petbreeds/dog_breed/color,http://bias.org/entity/m/0276krm,1,1,1.0
http://bias.org/vocab/base/petbreeds/dog_coat_color/dog_breeds,http://bias.org/entity/m/01k3tq,1,1,1.0
http://bias.org/vocab/base/rugby/rugby_player/type_of_rugby,http://bias.org/entity/m/06f3l,1,1,1.0
http://bias.org/vocab/base/schemastaging/fish/found_in,http://bias.org/entity/m/04kcn,1,1,1.0
http://bias.org/vocab/base/thoroughbredracing/thoroughbred_racehorse/color,http://bias.org/entity/m/03pcnt,1,1,1.0
http://bias.org/vocab/base/thoroughbredracing/thoroughbred_racehorse/country,http://bias.org/entity/m/0d060g,1,1,1.0
http://bias.org/vocab/base/thoroughbredracing/thoroughbred_racehorse/sex,http://bias.org/entity/m/0c0ygc,1,1,1.0
http://bias.org/vocab/base/thoroughbredracing/thoroughbred_racehorse_color/horses_of_this_color,http://bias.org/entity/m/0hsph,1,1,1.0
http://bias.org/vocab/base/thoroughbredracing/thoroughbred_racehorse_origin/horses_from_this_location,http://bias.org/entity/m/0hsph,1,1,1.0
http://bias.org/vocab/base/usnationalparks/us_national_park/state,http://bias.org/entity/m/0846v,1,1,1.0
http://bias.org/vocab/biology/animal_breed/registered_with./biology/breed_registration/breed_group,http://bias.org/entity/m/0265rtm,1,1,1.0
http://bias.org/vocab/biology/organism/organism_type,http://bias.org/entity/m/03k3r,1,1,1.0
http://bias.org/vocab/biology/organism_classification/organisms_of_this_type,http://bias.org/entity/m/030wsj,1,1,1.0
http://bias.org/vocab/book/author/series_written_or_contributed_to,http://bias.org/entity/m/03kvj3,1,1,1.0
http://bias.org/vocab/book/literary_series/author_s,http://bias.org/entity/m/04093,1,1,1.0
http://bias.org/vocab/book/newspaper/headquarters./location/mailing_address/state_province_region,http://bias.org/entity/m/059rby,1,1,1.0
http://bias.org/vocab/book/newspaper/owner,http://bias.org/entity/m/07l1c,1,1,1.0
http://bias.org/vocab/book/newspaper_owner/newspapers_owned,http://bias.org/entity/m/07k2d,1,1,1.0
http://bias.org/vocab/book/periodical/publisher./book/periodical_publisher_period/publisher,http://bias.org/entity/m/07l1c,1,1,1.0
http://bias.org/vocab/book/periodical_format/periodicals_in_this_format./book/periodical_format_period/periodical,http://bias.org/entity/m/07k2d,1,1,1.0
http://bias.org/vocab/book/periodical_publisher/periodicals_published./book/periodical_publisher_period/periodical,http://bias.org/entity/m/07k2d,1,1,1.0
http://bias.org/vocab/comic_books/comic_book_character/regular_featured_appearances,http://bias.org/entity/m/0k2dm,1,1,1.0
http://bias.org/vocab/comic_books/comic_book_creator/series_created,http://bias.org/entity/m/0k2dm,1,1,1.0
http://bias.org/vocab/comic_books/comic_book_series/created_by,http://bias.org/entity/m/013km,1,1,1.0
http://bias.org/vocab/common/resource/annotations./common/webpage/category,http://bias.org/entity/m/08mbj32,1,1,1.0
http://bias.org/vocab/common/webpage/topic,http://bias.org/entity/m/0k8z,1,1,1.0
http://bias.org/vocab/computer/computer/compatible_oses./computer/os_compatibility/operating_system,http://bias.org/entity/m/04pm6,1,1,1.0
http://bias.org/vocab/computer/programming_language/dialects,http://bias.org/entity/m/0jgqg,1,1,1.0
http://bias.org/vocab/computer/programming_language/language_designers,http://bias.org/entity/m/04sv4,1,1,1.0
http://bias.org/vocab/computer/programming_language/parent_language,http://bias.org/entity/m/01t6b,1,1,1.0
http://bias.org/vocab/computer/programming_language_designer/languages_designed,http://bias.org/entity/m/07657k,1,1,1.0
http://bias.org/vocab/cvg/computer_videogame/game_series,http://bias.org/entity/m/08b26_,1,1,1.0
http://bias.org/vocab/cvg/game_character/games./cvg/game_performance/voice_actor,http://bias.org/entity/m/075npt,1,1,1.0
http://bias.org/vocab/cvg/game_series/games_in_series,http://bias.org/entity/m/02q8x4x,1,1,1.0
http://bias.org/vocab/cvg/game_voice_actor/computer_game_voice_performances./cvg/game_performance/character,http://bias.org/entity/m/015dxd,1,1,1.0
http://bias.org/vocab/cvg/game_voice_actor/computer_game_voice_performances./cvg/game_performance/game,http://bias.org/entity/m/06506j,1,1,1.0
http://bias.org/vocab/education/school/school_district,http://bias.org/entity/m/038csl,1,1,1.0
http://bias.org/vocab/education/school_district/locations_served,http://bias.org/entity/m/030qb3t,1,1,1.0
http://bias.org/vocab/education/school_district/schools,http://bias.org/entity/m/06xpp7,1,1,1.0
http://bias.org/vocab/exhibitions/exhibition_venue/exhibitions_at_this_venue./exhibitions/exhibition_run/sponsor,http://bias.org/entity/m/0697s,1,1,1.0
http://bias.org/vocab/fictional_universe/character_rank/characters_of_this_rank,http://bias.org/entity/m/0hnws,1,1,1.0
http://bias.org/vocab/fictional_universe/fictional_character/children,http://bias.org/entity/m/05h4fjx,1,1,1.0
http://bias.org/vocab/fictional_universe/fictional_character/parents,http://bias.org/entity/m/0d_wr7,1,1,1.0
http://bias.org/vocab/fictional_universe/fictional_character/place_of_birth,http://bias.org/entity/m/04n3l,1,1,1.0
http://bias.org/vocab/fictional_universe/fictional_character/rank,http://bias.org/entity/m/0dq_5,1,1,1.0
http://bias.org/vocab/fictional_universe/fictional_setting/fictional_characters_born_here,http://bias.org/entity/m/0hnws,1,1,1.0
http://bias.org/vocab/film/film_featured_song/performed_by,http://bias.org/entity/m/0kftt,1,1,1.0
http://bias.org/vocab/food/dish/ingredients,http://bias.org/entity/m/06x4c,1,1,1.0
http://bias.org/vocab/food/ingredient/dishes,http://bias.org/entity/m/0cxn2,1,1,1.0
http://bias.org/vocab/games/game_genre/boardgames,http://bias.org/entity/m/01lb5,1,1,1.0
http://bias.org/vocab/geography/lake/lake_type,http://bias.org/entity/m/06by7v,1,1,1.0
http://bias.org/vocab/geography/lake_type/lakes_of_this_type,http://bias.org/entity/m/04kdn,1,1,1.0
http://bias.org/vocab/government/election/office,http://bias.org/entity/m/060d2,1,1,1.0
http://bias.org/vocab/ice_hockey/hockey_player/current_team./ice_hockey/hockey_roster_position/position,http://bias.org/entity/m/02qvl7,1,1,1.0
http://bias.org/vocab/ice_hockey/hockey_player/current_team./sports/sports_team_roster/position,http://bias.org/entity/m/02qvl7,1,1,1.0
http://bias.org/vocab/ice_hockey/hockey_player/current_team./sports/sports_team_roster/team,http://bias.org/entity/m/0jnng,1,1,1.0
http://bias.org/vocab/ice_hockey/hockey_player/hockey_position,http://bias.org/entity/m/02qvl7,1,1,1.0
http://bias.org/vocab/ice_hockey/hockey_position/players,http://bias.org/entity/m/02y8bn,1,1,1.0
http://bias.org/vocab/ice_hockey/hockey_team/current_roster./sports/sports_team_roster/player,http://bias.org/entity/m/01x2_q,1,1,1.0
http://bias.org/vocab/law/court/judges./law/judicial_tenure/judge,http://bias.org/entity/m/083pr,1,1,1.0
http://bias.org/vocab/law/judge/courts./law/judicial_tenure/court,http://bias.org/entity/m/07sz1,1,1,1.0
http://bias.org/vocab/martial_arts/martial_artist/martial_art,http://bias.org/entity/m/03_8r,1,1,1.0
http://bias.org/vocab/medicine/drug/drug_class,http://bias.org/entity/m/025tkqy,1,1,1.0
http://bias.org/vocab/medicine/drug_class/drugs,http://bias.org/entity/m/025tkqy,1,1,1.0
http://bias.org/vocab/medicine/medical_treatment/side_effects,http://bias.org/entity/m/01j6t0,1,1,1.0
http://bias.org/vocab/medicine/symptom/side_effect_of,http://bias.org/entity/m/025s7j4,1,1,1.0
http://bias.org/vocab/metropolitan_transit/transit_line/service_type,http://bias.org/entity/m/0195fx,1,1,1.0
http://bias.org/vocab/metropolitan_transit/transit_service_type/transit_lines,http://bias.org/entity/m/0m_sb,1,1,1.0
http://bias.org/vocab/metropolitan_transit/transit_system/area_served,http://bias.org/entity/m/09c7w0,1,1,1.0
http://bias.org/vocab/music/album_release_type/albums,http://bias.org/entity/m/01q2nx,1,1,1.0
http://bias.org/vocab/music/concert_tour/artist,http://bias.org/entity/m/0cbm64,1,1,1.0
http://bias.org/vocab/music/conducted_ensemble/conductors./music/conducting_tenure/conductor,http://bias.org/entity/m/02r38,1,1,1.0
http://bias.org/vocab/music/conductor/groups./music/conducting_tenure/ensemble,http://bias.org/entity/m/014hr0,1,1,1.0
http://bias.org/vocab/people/appointee/position./people/appointment/appointed_by,http://bias.org/entity/m/07t31,1,1,1.0
http://bias.org/vocab/protected_sites/governing_body_of_protected_sites/protected_sites_governed,http://bias.org/entity/m/0cc65,1,1,1.0
http://bias.org/vocab/protected_sites/iucn_category/protected_areas,http://bias.org/entity/m/0cc65,1,1,1.0
http://bias.org/vocab/protected_sites/protected_site/iucn_category,http://bias.org/entity/m/05gz5,1,1,1.0
http://bias.org/vocab/religion/religion/places_of_worship,http://bias.org/entity/m/058wp,1,1,1.0
http://bias.org/vocab/religion/religious_leader/religious_leadership./religion/religious_organization_leadership/organization,http://bias.org/entity/m/02vxy_,1,1,1.0
http://bias.org/vocab/religion/religious_organization/leaders./religion/religious_organization_leadership/leader,http://bias.org/entity/m/07kb5,1,1,1.0
http://bias.org/vocab/royalty/noble_title/noble_rank,http://bias.org/entity/m/0fy_j,1,1,1.0
http://bias.org/vocab/royalty/noble_title/used_in./royalty/system_title_relationship/system,http://bias.org/entity/m/03gk2,1,1,1.0
http://bias.org/vocab/royalty/system_of_nobility/titles./royalty/system_title_relationship/title,http://bias.org/entity/m/0df9z,1,1,1.0
http://bias.org/vocab/spaceflight/space_agency/astronauts,http://bias.org/entity/m/0hfml,1,1,1.0
http://bias.org/vocab/sports/multi_event_tournament/sports,http://bias.org/entity/m/0bynt,1,1,1.0
http://bias.org/vocab/sports/pro_athlete/teams./american_football/football_roster_position/position,http://bias.org/entity/m/06b1q,1,1,1.0
http://bias.org/vocab/sports/pro_athlete/teams./american_football/football_roster_position/team,http://bias.org/entity/m/05g3b,1,1,1.0
http://bias.org/vocab/sports/pro_athlete/teams./ice_hockey/hockey_roster_position/position,http://bias.org/entity/m/02qvl7,1,1,1.0
http://bias.org/vocab/sports/sport/related_equipment,http://bias.org/entity/m/034qg,1,1,1.0
http://bias.org/vocab/sports/sports_facility/teams,http://bias.org/entity/m/03j79x,1,1,1.0
http://bias.org/vocab/sports/sports_position/players./baseball/baseball_roster_position/player,http://bias.org/entity/m/01g0jn,1,1,1.0
http://bias.org/vocab/sports/sports_position/players./ice_hockey/hockey_roster_position/player,http://bias.org/entity/m/02y8bn,1,1,1.0
http://bias.org/vocab/sports/sports_team/arena_stadium,http://bias.org/entity/m/0d6nx,1,1,1.0
http://bias.org/vocab/sports/sports_team/roster./american_football/football_roster_position/player,http://bias.org/entity/m/01xyt7,1,1,1.0
http://bias.org/vocab/sports/sports_team/roster./ice_hockey/hockey_roster_position/player,http://bias.org/entity/m/02y8bn,1,1,1.0
http://bias.org/vocab/theater/play/country_of_origin,http://bias.org/entity/m/02jx1,1,1,1.0
http://bias.org/vocab/theater/play/lyricist,http://bias.org/entity/m/081k8,1,1,1.0
http://bias.org/vocab/theater/theatrical_lyricist/play_lyrics_written,http://bias.org/entity/m/06fsr,1,1,1.0
http://bias.org/vocab/transportation/road/end1./transportation/road_starting_point/location,http://bias.org/entity/m/01_d4,1,1,1.0
http://bias.org/vocab/travel/travel_destination/local_transportation,http://bias.org/entity/m/01bjv,1,1,1.0
http://bias.org/vocab/tv/tv_program_guest/appeared_on./tv/tv_guest_personal_appearance/episode,http://bias.org/entity/m/047mtnd,1,1,1.0
http://bias.org/vocab/tv/tv_series_episode/guest_personal_appearances./tv/tv_guest_personal_appearance/person,http://bias.org/entity/m/06g4_,1,1,1.0
http://bias.org/vocab/user/robert/us_congress/us_representative/committee_memberships,http://bias.org/entity/m/05jfx9,1,1,1.0
http://bias.org/vocab/user/tfmorris/default_domain/document/signatories,http://bias.org/entity/m/019fz,1,1,1.0
http://bias.org/vocab/user/tsegaran/computer/algorithm/family,http://bias.org/entity/m/0382k,1,1,1.0
http://bias.org/vocab/user/tsegaran/computer/algorithm_family/algorithm,http://bias.org/entity/m/0382k,1,1,1.0
http://bias.org/vocab/visual_art/artwork/art_form,http://bias.org/entity/m/05wkw,1,1,1.0
http://bias.org/vocab/visual_art/artwork/art_genre,http://bias.org/entity/m/01dv4h,1,1,1.0
http://bias.org/vocab/visual_art/artwork/art_subject,http://bias.org/entity/m/01ky2h,1,1,1.0
http://bias.org/vocab/visual_art/visual_art_form/artworks,http://bias.org/entity/m/0461wt,1,1,1.0
http://bias.org/vocab/visual_art/visual_art_genre/artworks,http://bias.org/entity/m/0461wt,1,1,1.0
