relation,option,headEntities,headEntitiesForOption,optionRepresented
http://bias.org/vocab/people/person/gender,http://bias.org/entity/m/05zppz,3717,2914,0.7839656
http://bias.org/vocab/film/film/release_date_s./film/film_regional_release_date/film_release_region,http://bias.org/entity/m/09c7w0,1311,1189,0.9069413
http://bias.org/vocab/film/film/language,http://bias.org/entity/m/02h40lc,1634,1477,0.9039168
http://bias.org/vocab/common/topic/webpage./common/webpage/category,http://bias.org/entity/m/08mbj5d,3612,3612,1.0
http://bias.org/vocab/education/educational_degree/people_with_this_degree./education/education/major_field_of_study,http://bias.org/entity/m/02j62,23,14,0.6086956
http://bias.org/vocab/education/educational_degree/people_with_this_degree./education/education/major_field_of_study,http://bias.org/entity/m/04gb7,23,12,0.5217391
http://bias.org/vocab/education/educational_degree/people_with_this_degree./education/education/major_field_of_study,http://bias.org/entity/m/05qjt,23,12,0.5217391
http://bias.org/vocab/film/film/other_crew./film/film_crew_gig/film_crew_role,http://bias.org/entity/m/09zzb8,1265,806,0.63715416
http://bias.org/vocab/film/film/other_crew./film/film_crew_gig/film_crew_role,http://bias.org/entity/m/09vw2b7,1265,667,0.5272727
http://bias.org/vocab/film/film/other_crew./film/film_crew_gig/film_crew_role,http://bias.org/entity/m/0ch6mp2,1265,802,0.6339921
http://bias.org/vocab/film/film/other_crew./film/film_crew_gig/film_crew_role,http://bias.org/entity/m/02r96rf,1265,703,0.55573124
http://bias.org/vocab/music/performance_role/track_performances./music/track_contribution/role,http://bias.org/entity/m/013y1f,120,62,0.51666665
http://bias.org/vocab/music/performance_role/track_performances./music/track_contribution/role,http://bias.org/entity/m/0342h,120,84,0.7
http://bias.org/vocab/music/performance_role/track_performances./music/track_contribution/role,http://bias.org/entity/m/026t6,120,83,0.69166666
http://bias.org/vocab/music/performance_role/track_performances./music/track_contribution/role,http://bias.org/entity/m/02sgy,120,70,0.5833333
http://bias.org/vocab/music/performance_role/track_performances./music/track_contribution/role,http://bias.org/entity/m/01vj9c,120,82,0.68333334
http://bias.org/vocab/music/performance_role/track_performances./music/track_contribution/role,http://bias.org/entity/m/04rzd,120,69,0.575
http://bias.org/vocab/music/performance_role/track_performances./music/track_contribution/role,http://bias.org/entity/m/01vdm0,120,87,0.725
http://bias.org/vocab/music/performance_role/track_performances./music/track_contribution/role,http://bias.org/entity/m/0l14qv,120,73,0.60833335
http://bias.org/vocab/music/performance_role/track_performances./music/track_contribution/role,http://bias.org/entity/m/05842k,120,88,0.73333335
http://bias.org/vocab/music/performance_role/track_performances./music/track_contribution/role,http://bias.org/entity/m/042v_gx,120,64,0.53333336
http://bias.org/vocab/music/performance_role/track_performances./music/track_contribution/role,http://bias.org/entity/m/018vs,120,73,0.60833335
http://bias.org/vocab/music/performance_role/track_performances./music/track_contribution/role,http://bias.org/entity/m/05r5c,120,79,0.65833336
http://bias.org/vocab/music/performance_role/track_performances./music/track_contribution/role,http://bias.org/entity/m/0l14md,120,64,0.53333336
http://bias.org/vocab/music/performance_role/track_performances./music/track_contribution/role,http://bias.org/entity/m/07brj,120,71,0.59166664
http://bias.org/vocab/olympics/olympic_participating_country/medals_won./olympics/olympic_medal_honor/medal,http://bias.org/entity/m/02lq67,131,93,0.7099237
http://bias.org/vocab/olympics/olympic_participating_country/medals_won./olympics/olympic_medal_honor/medal,http://bias.org/entity/m/02lq5w,131,89,0.6793893
http://bias.org/vocab/olympics/olympic_participating_country/medals_won./olympics/olympic_medal_honor/medal,http://bias.org/entity/m/02lpp7,131,74,0.5648855
http://bias.org/vocab/tv/tv_program/languages,http://bias.org/entity/m/02h40lc,235,218,0.9276596
http://bias.org/vocab/base/schemastaging/person_extra/net_worth./measurement_unit/dated_money_value/currency,http://bias.org/entity/m/09nqf,475,457,0.9621053
http://bias.org/vocab/soccer/football_team/current_roster./soccer/football_roster_position/position,http://bias.org/entity/m/0dgrmp,744,513,0.6895161
http://bias.org/vocab/soccer/football_team/current_roster./soccer/football_roster_position/position,http://bias.org/entity/m/02sdk9v,744,581,0.78091395
http://bias.org/vocab/soccer/football_team/current_roster./soccer/football_roster_position/position,http://bias.org/entity/m/02nzb8,744,596,0.8010753
http://bias.org/vocab/soccer/football_team/current_roster./soccer/football_roster_position/position,http://bias.org/entity/m/02_j1w,744,571,0.7674731
http://bias.org/vocab/people/person/profession,http://bias.org/entity/m/02hrh1q,4123,2264,0.5491147
http://bias.org/vocab/people/person/spouse_s./people/marriage/type_of_union,http://bias.org/entity/m/04ztj,2760,2586,0.9369565
http://bias.org/vocab/user/jg/default_domain/olympic_games/sports,http://bias.org/entity/m/0crlz,40,21,0.525
http://bias.org/vocab/user/jg/default_domain/olympic_games/sports,http://bias.org/entity/m/02vx4,40,23,0.575
http://bias.org/vocab/user/jg/default_domain/olympic_games/sports,http://bias.org/entity/m/0bynt,40,23,0.575
http://bias.org/vocab/user/jg/default_domain/olympic_games/sports,http://bias.org/entity/m/02y8z,40,21,0.525
http://bias.org/vocab/user/jg/default_domain/olympic_games/sports,http://bias.org/entity/m/01hp22,40,21,0.525
http://bias.org/vocab/user/jg/default_domain/olympic_games/sports,http://bias.org/entity/m/06wrt,40,21,0.525
http://bias.org/vocab/olympics/olympic_sport/athletes./olympics/olympic_athlete_affiliation/country,http://bias.org/entity/m/09c7w0,57,47,0.8245614
http://bias.org/vocab/olympics/olympic_sport/athletes./olympics/olympic_athlete_affiliation/country,http://bias.org/entity/m/0chghy,57,37,0.64912283
http://bias.org/vocab/olympics/olympic_sport/athletes./olympics/olympic_athlete_affiliation/country,http://bias.org/entity/m/07ssc,57,37,0.64912283
http://bias.org/vocab/olympics/olympic_sport/athletes./olympics/olympic_athlete_affiliation/country,http://bias.org/entity/m/03rjj,57,39,0.68421054
http://bias.org/vocab/olympics/olympic_sport/athletes./olympics/olympic_athlete_affiliation/country,http://bias.org/entity/m/0d05w3,57,38,0.6666667
http://bias.org/vocab/olympics/olympic_sport/athletes./olympics/olympic_athlete_affiliation/country,http://bias.org/entity/m/06mkj,57,37,0.64912283
http://bias.org/vocab/olympics/olympic_sport/athletes./olympics/olympic_athlete_affiliation/country,http://bias.org/entity/m/06bnz,57,45,0.7894737
http://bias.org/vocab/olympics/olympic_sport/athletes./olympics/olympic_athlete_affiliation/country,http://bias.org/entity/m/0f8l9c,57,35,0.61403507
http://bias.org/vocab/olympics/olympic_sport/athletes./olympics/olympic_athlete_affiliation/country,http://bias.org/entity/m/015fr,57,31,0.54385966
http://bias.org/vocab/olympics/olympic_sport/athletes./olympics/olympic_athlete_affiliation/country,http://bias.org/entity/m/0h7x,57,30,0.5263158
http://bias.org/vocab/olympics/olympic_sport/athletes./olympics/olympic_athlete_affiliation/country,http://bias.org/entity/m/0d060g,57,45,0.7894737
http://bias.org/vocab/olympics/olympic_sport/athletes./olympics/olympic_athlete_affiliation/country,http://bias.org/entity/m/0345h,57,46,0.80701756
http://bias.org/vocab/olympics/olympic_sport/athletes./olympics/olympic_athlete_affiliation/country,http://bias.org/entity/m/0jgd,57,30,0.5263158
http://bias.org/vocab/olympics/olympic_sport/athletes./olympics/olympic_athlete_affiliation/country,http://bias.org/entity/m/07t21,57,33,0.57894737
http://bias.org/vocab/olympics/olympic_sport/athletes./olympics/olympic_athlete_affiliation/country,http://bias.org/entity/m/0d0vqn,57,30,0.5263158
http://bias.org/vocab/olympics/olympic_sport/athletes./olympics/olympic_athlete_affiliation/country,http://bias.org/entity/m/06mzp,57,29,0.50877196
http://bias.org/vocab/olympics/olympic_sport/athletes./olympics/olympic_athlete_affiliation/country,http://bias.org/entity/m/03_3d,57,37,0.64912283
http://bias.org/vocab/olympics/olympic_sport/athletes./olympics/olympic_athlete_affiliation/country,http://bias.org/entity/m/05qhw,57,36,0.6315789
http://bias.org/vocab/olympics/olympic_sport/athletes./olympics/olympic_athlete_affiliation/country,http://bias.org/entity/m/06qd3,57,29,0.50877196
http://bias.org/vocab/olympics/olympic_sport/athletes./olympics/olympic_athlete_affiliation/country,http://bias.org/entity/m/05b4w,57,31,0.54385966
http://bias.org/vocab/olympics/olympic_sport/athletes./olympics/olympic_athlete_affiliation/country,http://bias.org/entity/m/01mjq,57,33,0.57894737
http://bias.org/vocab/film/film/country,http://bias.org/entity/m/09c7w0,1666,1317,0.7905162
http://bias.org/vocab/education/educational_degree/people_with_this_degree./education/education/institution,http://bias.org/entity/m/03ksy,25,14,0.56
http://bias.org/vocab/education/educational_degree/people_with_this_degree./education/education/institution,http://bias.org/entity/m/02zd460,25,14,0.56
http://bias.org/vocab/education/educational_degree/people_with_this_degree./education/education/institution,http://bias.org/entity/m/08815,25,15,0.6
http://bias.org/vocab/education/educational_degree/people_with_this_degree./education/education/institution,http://bias.org/entity/m/07szy,25,17,0.68
http://bias.org/vocab/education/educational_degree/people_with_this_degree./education/education/institution,http://bias.org/entity/m/01w5m,25,15,0.6
http://bias.org/vocab/people/person/nationality,http://bias.org/entity/m/09c7w0,3754,2509,0.66835374
http://bias.org/vocab/user/tsegaran/random/taxonomy_subject/entry./user/tsegaran/random/taxonomy_entry/taxonomy,http://bias.org/entity/m/04n6k,411,411,1.0
http://bias.org/vocab/education/university/local_tuition./measurement_unit/dated_money_value/currency,http://bias.org/entity/m/09nqf,360,302,0.8388889
http://bias.org/vocab/location/statistical_region/gdp_nominal./measurement_unit/dated_money_value/currency,http://bias.org/entity/m/09nqf,220,215,0.97727275
http://bias.org/vocab/film/film/estimated_budget./measurement_unit/dated_money_value/currency,http://bias.org/entity/m/09nqf,1210,1164,0.96198344
http://bias.org/vocab/location/hud_foreclosure_area/estimated_number_of_mortgages./measurement_unit/dated_integer/source,http://bias.org/entity/m/0jbk9,788,788,1.0
http://bias.org/vocab/soccer/football_team/current_roster./sports/sports_team_roster/position,http://bias.org/entity/m/0dgrmp,745,485,0.6510067
http://bias.org/vocab/soccer/football_team/current_roster./sports/sports_team_roster/position,http://bias.org/entity/m/02nzb8,745,598,0.80268455
http://bias.org/vocab/soccer/football_team/current_roster./sports/sports_team_roster/position,http://bias.org/entity/m/02_j1w,745,580,0.7785235
http://bias.org/vocab/soccer/football_team/current_roster./sports/sports_team_roster/position,http://bias.org/entity/m/02sdk9v,745,594,0.7973154
http://bias.org/vocab/business/business_operation/operating_income./measurement_unit/dated_money_value/currency,http://bias.org/entity/m/09nqf,198,197,0.9949495
http://bias.org/vocab/sports/sports_team/colors,http://bias.org/entity/m/083jv,355,198,0.55774647
http://bias.org/vocab/ice_hockey/hockey_team/current_roster./sports/sports_team_roster/position,http://bias.org/entity/m/02qvdc,47,38,0.80851066
http://bias.org/vocab/ice_hockey/hockey_team/current_roster./sports/sports_team_roster/position,http://bias.org/entity/m/02qvzf,47,37,0.78723407
http://bias.org/vocab/ice_hockey/hockey_team/current_roster./sports/sports_team_roster/position,http://bias.org/entity/m/02qvl7,47,36,0.7659575
http://bias.org/vocab/olympics/olympic_participating_country/medals_won./olympics/olympic_medal_honor/olympics,http://bias.org/entity/m/06sks6,136,75,0.5514706
http://bias.org/vocab/olympics/olympic_participating_country/medals_won./olympics/olympic_medal_honor/olympics,http://bias.org/entity/m/0kbws,136,71,0.52205884
http://bias.org/vocab/american_football/football_team/current_roster./sports/sports_team_roster/position,http://bias.org/entity/m/05zm34,65,44,0.6769231
http://bias.org/vocab/american_football/football_team/current_roster./sports/sports_team_roster/position,http://bias.org/entity/m/047g8h,65,41,0.63076925
http://bias.org/vocab/american_football/football_team/current_roster./sports/sports_team_roster/position,http://bias.org/entity/m/08ns5s,65,40,0.61538464
http://bias.org/vocab/american_football/football_team/current_roster./sports/sports_team_roster/position,http://bias.org/entity/m/02g_7z,65,50,0.7692308
http://bias.org/vocab/american_football/football_team/current_roster./sports/sports_team_roster/position,http://bias.org/entity/m/01r3hr,65,54,0.83076924
http://bias.org/vocab/american_football/football_team/current_roster./sports/sports_team_roster/position,http://bias.org/entity/m/06b1q,65,53,0.8153846
http://bias.org/vocab/american_football/football_team/current_roster./sports/sports_team_roster/position,http://bias.org/entity/m/02g_6x,65,49,0.75384617
http://bias.org/vocab/american_football/football_team/current_roster./sports/sports_team_roster/position,http://bias.org/entity/m/023wyl,65,42,0.64615387
http://bias.org/vocab/american_football/football_team/current_roster./sports/sports_team_roster/position,http://bias.org/entity/m/04nfpk,65,43,0.6615385
http://bias.org/vocab/american_football/football_team/current_roster./sports/sports_team_roster/position,http://bias.org/entity/m/05b3ts,65,35,0.53846157
http://bias.org/vocab/american_football/football_team/current_roster./sports/sports_team_roster/position,http://bias.org/entity/m/02qpbqj,65,39,0.6
http://bias.org/vocab/american_football/football_team/current_roster./sports/sports_team_roster/position,http://bias.org/entity/m/02g_6j,65,45,0.6923077
http://bias.org/vocab/organization/organization_member/member_of./organization/organization_membership/organization,http://bias.org/entity/m/07t65,305,165,0.5409836
http://bias.org/vocab/film/film/release_date_s./film/film_regional_release_date/film_release_distribution_medium,http://bias.org/entity/m/029j_,1342,1311,0.97690016
http://bias.org/vocab/baseball/baseball_team/team_stats./baseball/baseball_team_stats/season,http://bias.org/entity/m/027mvrc,31,24,0.7741935
http://bias.org/vocab/baseball/baseball_team/team_stats./baseball/baseball_team_stats/season,http://bias.org/entity/m/027pwzc,31,21,0.67741936
http://bias.org/vocab/baseball/baseball_team/team_stats./baseball/baseball_team_stats/season,http://bias.org/entity/m/03c6sl9,31,22,0.7096774
http://bias.org/vocab/baseball/baseball_team/team_stats./baseball/baseball_team_stats/season,http://bias.org/entity/m/0dx84s,31,23,0.7419355
http://bias.org/vocab/baseball/baseball_team/team_stats./baseball/baseball_team_stats/season,http://bias.org/entity/m/025ygws,31,24,0.7741935
http://bias.org/vocab/baseball/baseball_team/team_stats./baseball/baseball_team_stats/season,http://bias.org/entity/m/0285r5d,31,27,0.87096775
http://bias.org/vocab/baseball/baseball_team/team_stats./baseball/baseball_team_stats/season,http://bias.org/entity/m/026fmqm,31,23,0.7419355
http://bias.org/vocab/baseball/baseball_team/team_stats./baseball/baseball_team_stats/season,http://bias.org/entity/m/025ygqm,31,21,0.67741936
http://bias.org/vocab/location/statistical_region/gdp_real./measurement_unit/adjusted_money_value/adjustment_currency,http://bias.org/entity/m/09nqf,160,160,1.0
http://bias.org/vocab/organization/endowed_organization/endowment./measurement_unit/dated_money_value/currency,http://bias.org/entity/m/09nqf,456,339,0.7434211
http://bias.org/vocab/olympics/olympic_participating_country/athletes./olympics/olympic_athlete_affiliation/olympics,http://bias.org/entity/m/06sks6,193,164,0.8497409
http://bias.org/vocab/people/marriage_union_type/unions_of_this_type./people/marriage/location_of_ceremony,http://bias.org/entity/m/04jpl,4,3,0.75
http://bias.org/vocab/tv/tv_program/tv_producer./tv/tv_producer_term/producer_type,http://bias.org/entity/m/0ckd1,121,121,1.0
http://bias.org/vocab/olympics/olympic_games/participating_countries,http://bias.org/entity/m/07ssc,41,34,0.8292683
http://bias.org/vocab/food/food/nutrients./food/nutrition_fact/nutrient,http://bias.org/entity/m/05wvs,22,15,0.6818182
http://bias.org/vocab/food/food/nutrients./food/nutrition_fact/nutrient,http://bias.org/entity/m/02kc008,22,17,0.77272725
http://bias.org/vocab/food/food/nutrients./food/nutrition_fact/nutrient,http://bias.org/entity/m/0h1_c,22,17,0.77272725
http://bias.org/vocab/food/food/nutrients./food/nutrition_fact/nutrient,http://bias.org/entity/m/014yzm,22,13,0.59090906
http://bias.org/vocab/food/food/nutrients./food/nutrition_fact/nutrient,http://bias.org/entity/m/02kcv4x,22,18,0.8181818
http://bias.org/vocab/food/food/nutrients./food/nutrition_fact/nutrient,http://bias.org/entity/m/02y_3rf,22,12,0.54545456
http://bias.org/vocab/food/food/nutrients./food/nutrition_fact/nutrient,http://bias.org/entity/m/025sf0_,22,18,0.8181818
http://bias.org/vocab/food/food/nutrients./food/nutrition_fact/nutrient,http://bias.org/entity/m/025s0zp,22,18,0.8181818
http://bias.org/vocab/food/food/nutrients./food/nutrition_fact/nutrient,http://bias.org/entity/m/025rw19,22,20,0.90909094
http://bias.org/vocab/food/food/nutrients./food/nutrition_fact/nutrient,http://bias.org/entity/m/041r51,22,16,0.72727275
http://bias.org/vocab/food/food/nutrients./food/nutrition_fact/nutrient,http://bias.org/entity/m/025sf8g,22,15,0.6818182
http://bias.org/vocab/food/food/nutrients./food/nutrition_fact/nutrient,http://bias.org/entity/m/025rsfk,22,18,0.8181818
http://bias.org/vocab/food/food/nutrients./food/nutrition_fact/nutrient,http://bias.org/entity/m/01n78x,22,16,0.72727275
http://bias.org/vocab/food/food/nutrients./food/nutrition_fact/nutrient,http://bias.org/entity/m/0f4kp,22,16,0.72727275
http://bias.org/vocab/food/food/nutrients./food/nutrition_fact/nutrient,http://bias.org/entity/m/04zjxcz,22,17,0.77272725
http://bias.org/vocab/food/food/nutrients./food/nutrition_fact/nutrient,http://bias.org/entity/m/0h1vg,22,19,0.8636364
http://bias.org/vocab/food/food/nutrients./food/nutrition_fact/nutrient,http://bias.org/entity/m/0h1vz,22,17,0.77272725
http://bias.org/vocab/food/food/nutrients./food/nutrition_fact/nutrient,http://bias.org/entity/m/05gh50,22,18,0.8181818
http://bias.org/vocab/food/food/nutrients./food/nutrition_fact/nutrient,http://bias.org/entity/m/025sqz8,22,14,0.6363636
http://bias.org/vocab/food/food/nutrients./food/nutrition_fact/nutrient,http://bias.org/entity/m/0h1yf,22,17,0.77272725
http://bias.org/vocab/food/food/nutrients./food/nutrition_fact/nutrient,http://bias.org/entity/m/04k8n,22,19,0.8636364
http://bias.org/vocab/food/food/nutrients./food/nutrition_fact/nutrient,http://bias.org/entity/m/09gvd,22,18,0.8181818
http://bias.org/vocab/food/food/nutrients./food/nutrition_fact/nutrient,http://bias.org/entity/m/06jry,22,16,0.72727275
http://bias.org/vocab/food/food/nutrients./food/nutrition_fact/nutrient,http://bias.org/entity/m/025s0s0,22,18,0.8181818
http://bias.org/vocab/food/food/nutrients./food/nutrition_fact/nutrient,http://bias.org/entity/m/0hqw8p_,22,16,0.72727275
http://bias.org/vocab/food/food/nutrients./food/nutrition_fact/nutrient,http://bias.org/entity/m/0h1sz,22,12,0.54545456
http://bias.org/vocab/food/food/nutrients./food/nutrition_fact/nutrient,http://bias.org/entity/m/09gwd,22,14,0.6363636
http://bias.org/vocab/food/food/nutrients./food/nutrition_fact/nutrient,http://bias.org/entity/m/02p0tjr,22,14,0.6363636
http://bias.org/vocab/food/food/nutrients./food/nutrition_fact/nutrient,http://bias.org/entity/m/02kc5rj,22,19,0.8636364
http://bias.org/vocab/food/food/nutrients./food/nutrition_fact/nutrient,http://bias.org/entity/m/07q0m,22,15,0.6818182
http://bias.org/vocab/food/food/nutrients./food/nutrition_fact/nutrient,http://bias.org/entity/m/0h1yy,22,17,0.77272725
http://bias.org/vocab/food/food/nutrients./food/nutrition_fact/nutrient,http://bias.org/entity/m/0hkwr,22,12,0.54545456
http://bias.org/vocab/food/food/nutrients./food/nutrition_fact/nutrient,http://bias.org/entity/m/07zqy,22,13,0.59090906
http://bias.org/vocab/food/food/nutrients./food/nutrition_fact/nutrient,http://bias.org/entity/m/0fzjh,22,16,0.72727275
http://bias.org/vocab/food/food/nutrients./food/nutrition_fact/nutrient,http://bias.org/entity/m/04kl74p,22,14,0.6363636
http://bias.org/vocab/food/food/nutrients./food/nutrition_fact/nutrient,http://bias.org/entity/m/025s7j4,22,15,0.6818182
http://bias.org/vocab/food/food/nutrients./food/nutrition_fact/nutrient,http://bias.org/entity/m/0f4hc,22,16,0.72727275
http://bias.org/vocab/food/food/nutrients./food/nutrition_fact/nutrient,http://bias.org/entity/m/0q01m,22,17,0.77272725
http://bias.org/vocab/food/food/nutrients./food/nutrition_fact/nutrient,http://bias.org/entity/m/01sh2,22,15,0.6818182
http://bias.org/vocab/food/food/nutrients./food/nutrition_fact/nutrient,http://bias.org/entity/m/07hnp,22,17,0.77272725
http://bias.org/vocab/food/food/nutrients./food/nutrition_fact/nutrient,http://bias.org/entity/m/0g5gq,22,15,0.6818182
http://bias.org/vocab/food/food/nutrients./food/nutrition_fact/nutrient,http://bias.org/entity/m/025tkqy,22,19,0.8636364
http://bias.org/vocab/food/food/nutrients./food/nutrition_fact/nutrient,http://bias.org/entity/m/09pbb,22,18,0.8181818
http://bias.org/vocab/food/food/nutrients./food/nutrition_fact/nutrient,http://bias.org/entity/m/0h1zw,22,16,0.72727275
http://bias.org/vocab/food/food/nutrients./food/nutrition_fact/nutrient,http://bias.org/entity/m/0h1tz,22,16,0.72727275
http://bias.org/vocab/food/food/nutrients./food/nutrition_fact/nutrient,http://bias.org/entity/m/0h1tg,22,14,0.6363636
http://bias.org/vocab/food/food/nutrients./food/nutrition_fact/nutrient,http://bias.org/entity/m/02kc4sf,22,16,0.72727275
http://bias.org/vocab/food/food/nutrients./food/nutrition_fact/nutrient,http://bias.org/entity/m/02kd0rh,22,15,0.6818182
http://bias.org/vocab/food/food/nutrients./food/nutrition_fact/nutrient,http://bias.org/entity/m/0h1wg,22,15,0.6818182
http://bias.org/vocab/food/food/nutrients./food/nutrition_fact/nutrient,http://bias.org/entity/m/0h1sg,22,17,0.77272725
http://bias.org/vocab/food/food/nutrients./food/nutrition_fact/nutrient,http://bias.org/entity/m/0838f,22,17,0.77272725
http://bias.org/vocab/food/food/nutrients./food/nutrition_fact/nutrient,http://bias.org/entity/m/06x4c,22,14,0.6363636
http://bias.org/vocab/food/food/nutrients./food/nutrition_fact/nutrient,http://bias.org/entity/m/025s7x6,22,15,0.6818182
http://bias.org/vocab/music/performance_role/regular_performances./music/group_membership/role,http://bias.org/entity/m/0342h,119,84,0.7058824
http://bias.org/vocab/music/performance_role/regular_performances./music/group_membership/role,http://bias.org/entity/m/05148p4,119,74,0.62184876
http://bias.org/vocab/music/performance_role/regular_performances./music/group_membership/role,http://bias.org/entity/m/0l14md,119,84,0.7058824
http://bias.org/vocab/music/performance_role/regular_performances./music/group_membership/role,http://bias.org/entity/m/018vs,119,75,0.6302521
http://bias.org/vocab/music/performance_role/regular_performances./music/group_membership/role,http://bias.org/entity/m/02hnl,119,71,0.5966387
http://bias.org/vocab/music/performance_role/regular_performances./music/group_membership/role,http://bias.org/entity/m/05r5c,119,64,0.53781515
http://bias.org/vocab/base/eating/practicer_of_diet/diet,http://bias.org/entity/m/07_jd,126,109,0.86507934
http://bias.org/vocab/sports/sports_team/roster./american_football/football_historical_roster_position/position_s,http://bias.org/entity/m/02g_6j,89,60,0.6741573
http://bias.org/vocab/sports/sports_team/roster./american_football/football_historical_roster_position/position_s,http://bias.org/entity/m/02g_7z,89,46,0.5168539
http://bias.org/vocab/sports/sports_team/roster./american_football/football_historical_roster_position/position_s,http://bias.org/entity/m/01r3hr,89,61,0.6853933
http://bias.org/vocab/sports/sports_team/roster./american_football/football_historical_roster_position/position_s,http://bias.org/entity/m/06b1q,89,60,0.6741573
http://bias.org/vocab/sports/sports_team/roster./american_football/football_historical_roster_position/position_s,http://bias.org/entity/m/04nfpk,89,58,0.6516854
http://bias.org/vocab/sports/sports_team/roster./american_football/football_historical_roster_position/position_s,http://bias.org/entity/m/02g_6x,89,58,0.6516854
http://bias.org/vocab/base/petbreeds/city_with_dogs/top_breeds./base/petbreeds/dog_city_relationship/dog_breed,http://bias.org/entity/m/01k3tq,49,41,0.8367347
http://bias.org/vocab/base/petbreeds/city_with_dogs/top_breeds./base/petbreeds/dog_city_relationship/dog_breed,http://bias.org/entity/m/01_gx_,49,36,0.7346939
http://bias.org/vocab/base/petbreeds/city_with_dogs/top_breeds./base/petbreeds/dog_city_relationship/dog_breed,http://bias.org/entity/m/01t032,49,38,0.7755102
http://bias.org/vocab/base/petbreeds/city_with_dogs/top_breeds./base/petbreeds/dog_city_relationship/dog_breed,http://bias.org/entity/m/0km3f,49,38,0.7755102
http://bias.org/vocab/base/petbreeds/city_with_dogs/top_breeds./base/petbreeds/dog_city_relationship/dog_breed,http://bias.org/entity/m/0km5c,49,39,0.79591835
http://bias.org/vocab/base/schemastaging/organization_extra/phone_number./base/schemastaging/phone_sandbox/service_location,http://bias.org/entity/m/09c7w0,130,101,0.77692306
http://bias.org/vocab/base/saturdaynightlive/snl_cast_member/seasons./base/saturdaynightlive/snl_season_tenure/cast_members,http://bias.org/entity/m/05drr9,12,10,0.8333333
http://bias.org/vocab/base/saturdaynightlive/snl_cast_member/seasons./base/saturdaynightlive/snl_season_tenure/cast_members,http://bias.org/entity/m/04h07s,12,10,0.8333333
http://bias.org/vocab/base/saturdaynightlive/snl_cast_member/seasons./base/saturdaynightlive/snl_season_tenure/cast_members,http://bias.org/entity/m/086nl7,12,8,0.6666667
http://bias.org/vocab/base/saturdaynightlive/snl_cast_member/seasons./base/saturdaynightlive/snl_season_tenure/cast_members,http://bias.org/entity/m/06cddt,12,8,0.6666667
http://bias.org/vocab/base/saturdaynightlive/snl_cast_member/seasons./base/saturdaynightlive/snl_season_tenure/cast_members,http://bias.org/entity/m/03q45x,12,8,0.6666667
http://bias.org/vocab/base/saturdaynightlive/snl_cast_member/seasons./base/saturdaynightlive/snl_season_tenure/cast_members,http://bias.org/entity/m/08vr94,12,9,0.75
http://bias.org/vocab/base/saturdaynightlive/snl_cast_member/seasons./base/saturdaynightlive/snl_season_tenure/cast_members,http://bias.org/entity/m/07ymr5,12,8,0.6666667
http://bias.org/vocab/base/saturdaynightlive/snl_cast_member/seasons./base/saturdaynightlive/snl_season_tenure/cast_members,http://bias.org/entity/m/030wkp,12,10,0.8333333
http://bias.org/vocab/base/saturdaynightlive/snl_cast_member/seasons./base/saturdaynightlive/snl_season_tenure/cast_members,http://bias.org/entity/m/02k21g,12,9,0.75
http://bias.org/vocab/base/saturdaynightlive/snl_cast_member/seasons./base/saturdaynightlive/snl_season_tenure/cast_members,http://bias.org/entity/m/01v3s2_,12,8,0.6666667
http://bias.org/vocab/government/legislative_session/members./government/government_position_held/district_represented,http://bias.org/entity/m/059rby,59,48,0.8135593
http://bias.org/vocab/government/legislative_session/members./government/government_position_held/district_represented,http://bias.org/entity/m/01x73,59,40,0.6779661
http://bias.org/vocab/government/legislative_session/members./government/government_position_held/district_represented,http://bias.org/entity/m/05k7sb,59,43,0.7288136
http://bias.org/vocab/government/legislative_session/members./government/government_position_held/district_represented,http://bias.org/entity/m/04rrd,59,33,0.55932206
http://bias.org/vocab/government/legislative_session/members./government/government_position_held/district_represented,http://bias.org/entity/m/059f4,59,36,0.6101695
http://bias.org/vocab/government/legislative_session/members./government/government_position_held/district_represented,http://bias.org/entity/m/03v1s,59,30,0.5084746
http://bias.org/vocab/government/legislative_session/members./government/government_position_held/district_represented,http://bias.org/entity/m/0498y,59,34,0.5762712
http://bias.org/vocab/government/legislative_session/members./government/government_position_held/district_represented,http://bias.org/entity/m/05fjf,59,41,0.69491524
http://bias.org/vocab/government/legislative_session/members./government/government_position_held/district_represented,http://bias.org/entity/m/05tbn,59,35,0.59322035
http://bias.org/vocab/government/legislative_session/members./government/government_position_held/district_represented,http://bias.org/entity/m/06yxd,59,31,0.5254237
http://bias.org/vocab/government/legislative_session/members./government/government_position_held/district_represented,http://bias.org/entity/m/026mj,59,30,0.5084746
http://bias.org/vocab/government/legislative_session/members./government/government_position_held/district_represented,http://bias.org/entity/m/0d0x8,59,31,0.5254237
http://bias.org/vocab/government/legislative_session/members./government/government_position_held/district_represented,http://bias.org/entity/m/07_f2,59,35,0.59322035
http://bias.org/vocab/sports/sports_team/roster./american_football/football_roster_position/position,http://bias.org/entity/m/01_9c1,67,38,0.5671642
http://bias.org/vocab/sports/sports_team/roster./american_football/football_roster_position/position,http://bias.org/entity/m/08ns5s,67,49,0.73134327
http://bias.org/vocab/sports/sports_team/roster./american_football/football_roster_position/position,http://bias.org/entity/m/02g_6j,67,52,0.7761194
http://bias.org/vocab/sports/sports_team/roster./american_football/football_roster_position/position,http://bias.org/entity/m/01r3hr,67,47,0.70149255
http://bias.org/vocab/sports/sports_team/roster./american_football/football_roster_position/position,http://bias.org/entity/m/06b1q,67,51,0.76119405
http://bias.org/vocab/sports/sports_team/roster./american_football/football_roster_position/position,http://bias.org/entity/m/02g_6x,67,49,0.73134327
http://bias.org/vocab/sports/sports_team/roster./american_football/football_roster_position/position,http://bias.org/entity/m/023wyl,67,42,0.6268657
http://bias.org/vocab/sports/sports_team/roster./american_football/football_roster_position/position,http://bias.org/entity/m/04nfpk,67,48,0.7164179
http://bias.org/vocab/sports/sports_team/roster./american_football/football_roster_position/position,http://bias.org/entity/m/05b3ts,67,38,0.5671642
http://bias.org/vocab/sports/sports_team/roster./american_football/football_roster_position/position,http://bias.org/entity/m/02qpbqj,67,39,0.58208954
http://bias.org/vocab/sports/sports_team/roster./american_football/football_roster_position/position,http://bias.org/entity/m/05zm34,67,44,0.6567164
http://bias.org/vocab/sports/sports_team/roster./american_football/football_roster_position/position,http://bias.org/entity/m/047g8h,67,51,0.76119405
http://bias.org/vocab/sports/sports_team/roster./american_football/football_roster_position/position,http://bias.org/entity/m/02g_7z,67,51,0.76119405
http://bias.org/vocab/film/film/runtime./film/film_cut/film_release_region,http://bias.org/entity/m/09c7w0,136,78,0.5735294
http://bias.org/vocab/people/person/languages,http://bias.org/entity/m/02h40lc,594,501,0.84343433
http://bias.org/vocab/olympics/olympic_sport/athletes./olympics/olympic_athlete_affiliation/olympics,http://bias.org/entity/m/0kbvb,57,29,0.50877196
http://bias.org/vocab/olympics/olympic_sport/athletes./olympics/olympic_athlete_affiliation/olympics,http://bias.org/entity/m/0kbws,57,32,0.5614035
http://bias.org/vocab/olympics/olympic_sport/athletes./olympics/olympic_athlete_affiliation/olympics,http://bias.org/entity/m/06sks6,57,33,0.57894737
http://bias.org/vocab/sports/sports_team/sport,http://bias.org/entity/m/02vx4,423,270,0.63829786
http://bias.org/vocab/base/localfood/seasonal_month/produce_available./base/localfood/produce_availability/seasonal_months,http://bias.org/entity/m/040fb,12,9,0.75
http://bias.org/vocab/base/localfood/seasonal_month/produce_available./base/localfood/produce_availability/seasonal_months,http://bias.org/entity/m/028kb,12,9,0.75
http://bias.org/vocab/base/localfood/seasonal_month/produce_available./base/localfood/produce_availability/seasonal_months,http://bias.org/entity/m/04wzr,12,10,0.8333333
http://bias.org/vocab/base/localfood/seasonal_month/produce_available./base/localfood/produce_availability/seasonal_months,http://bias.org/entity/m/06vkl,12,10,0.8333333
http://bias.org/vocab/base/localfood/seasonal_month/produce_available./base/localfood/produce_availability/seasonal_months,http://bias.org/entity/m/04w_7,12,10,0.8333333
http://bias.org/vocab/base/localfood/seasonal_month/produce_available./base/localfood/produce_availability/seasonal_months,http://bias.org/entity/m/05cw8,12,10,0.8333333
http://bias.org/vocab/base/localfood/seasonal_month/produce_available./base/localfood/produce_availability/seasonal_months,http://bias.org/entity/m/040fv,12,9,0.75
http://bias.org/vocab/base/localfood/seasonal_month/produce_available./base/localfood/produce_availability/seasonal_months,http://bias.org/entity/m/03_ly,12,8,0.6666667
http://bias.org/vocab/base/localfood/seasonal_month/produce_available./base/localfood/produce_availability/seasonal_months,http://bias.org/entity/m/02xx5,12,8,0.6666667
http://bias.org/vocab/base/localfood/seasonal_month/produce_available./base/localfood/produce_availability/seasonal_months,http://bias.org/entity/m/05lf_,12,7,0.5833333
http://bias.org/vocab/base/localfood/seasonal_month/produce_available./base/localfood/produce_availability/seasonal_months,http://bias.org/entity/m/0ll3,12,9,0.75
http://bias.org/vocab/base/localfood/seasonal_month/produce_available./base/localfood/produce_availability/seasonal_months,http://bias.org/entity/m/0lkm,12,9,0.75
http://bias.org/vocab/location/statistical_region/rent50_2./measurement_unit/dated_money_value/currency,http://bias.org/entity/m/09nqf,373,373,1.0
http://bias.org/vocab/business/business_operation/revenue./measurement_unit/dated_money_value/currency,http://bias.org/entity/m/09nqf,215,213,0.9906977
http://bias.org/vocab/location/statistical_region/religions./location/religion_percentage/religion,http://bias.org/entity/m/0c8wxp,107,59,0.55140185
http://bias.org/vocab/location/statistical_region/religions./location/religion_percentage/religion,http://bias.org/entity/m/01lp8,107,54,0.5046729
http://bias.org/vocab/olympics/olympic_games/medals_awarded./olympics/olympic_medal_honor/medal,http://bias.org/entity/m/02lq67,43,38,0.88372093
http://bias.org/vocab/olympics/olympic_games/medals_awarded./olympics/olympic_medal_honor/medal,http://bias.org/entity/m/02lq5w,43,28,0.6511628
http://bias.org/vocab/olympics/olympic_games/medals_awarded./olympics/olympic_medal_honor/medal,http://bias.org/entity/m/02lpp7,43,35,0.81395346
http://bias.org/vocab/film/film/distributors./film/film_film_distributor_relationship/film_distribution_medium,http://bias.org/entity/m/0735l,197,118,0.5989848
http://bias.org/vocab/user/ktrueman/default_domain/international_organization/member_states,http://bias.org/entity/m/09c7w0,4,3,0.75
http://bias.org/vocab/user/ktrueman/default_domain/international_organization/member_states,http://bias.org/entity/m/06npd,4,4,1.0
http://bias.org/vocab/user/ktrueman/default_domain/international_organization/member_states,http://bias.org/entity/m/0h7x,4,3,0.75
http://bias.org/vocab/user/ktrueman/default_domain/international_organization/member_states,http://bias.org/entity/m/0d060g,4,3,0.75
http://bias.org/vocab/user/ktrueman/default_domain/international_organization/member_states,http://bias.org/entity/m/05b4w,4,3,0.75
http://bias.org/vocab/user/ktrueman/default_domain/international_organization/member_states,http://bias.org/entity/m/0345h,4,3,0.75
http://bias.org/vocab/user/ktrueman/default_domain/international_organization/member_states,http://bias.org/entity/m/07ssc,4,4,1.0
http://bias.org/vocab/user/ktrueman/default_domain/international_organization/member_states,http://bias.org/entity/m/059j2,4,4,1.0
http://bias.org/vocab/user/ktrueman/default_domain/international_organization/member_states,http://bias.org/entity/m/03rjj,4,3,0.75
http://bias.org/vocab/user/ktrueman/default_domain/international_organization/member_states,http://bias.org/entity/m/0d0vqn,4,3,0.75
http://bias.org/vocab/user/ktrueman/default_domain/international_organization/member_states,http://bias.org/entity/m/03gj2,4,3,0.75
http://bias.org/vocab/user/ktrueman/default_domain/international_organization/member_states,http://bias.org/entity/m/01mjq,4,3,0.75
http://bias.org/vocab/user/ktrueman/default_domain/international_organization/member_states,http://bias.org/entity/m/0154j,4,4,1.0
http://bias.org/vocab/user/ktrueman/default_domain/international_organization/member_states,http://bias.org/entity/m/0k6nt,4,3,0.75
http://bias.org/vocab/user/ktrueman/default_domain/international_organization/member_states,http://bias.org/entity/m/03rt9,4,3,0.75
http://bias.org/vocab/user/ktrueman/default_domain/international_organization/member_states,http://bias.org/entity/m/06mkj,4,3,0.75
http://bias.org/vocab/user/ktrueman/default_domain/international_organization/member_states,http://bias.org/entity/m/05r4w,4,3,0.75
http://bias.org/vocab/user/ktrueman/default_domain/international_organization/member_states,http://bias.org/entity/m/06c1y,4,3,0.75
http://bias.org/vocab/user/ktrueman/default_domain/international_organization/member_states,http://bias.org/entity/m/04g5k,4,3,0.75
http://bias.org/vocab/user/ktrueman/default_domain/international_organization/member_states,http://bias.org/entity/m/04gzd,4,3,0.75
http://bias.org/vocab/location/statistical_region/gdp_nominal_per_capita./measurement_unit/dated_money_value/currency,http://bias.org/entity/m/09nqf,190,172,0.9052632
http://bias.org/vocab/tv/tv_program/country_of_origin,http://bias.org/entity/m/09c7w0,249,203,0.81526107
http://bias.org/vocab/education/university/domestic_tuition./measurement_unit/dated_money_value/currency,http://bias.org/entity/m/09nqf,476,353,0.74159664
http://bias.org/vocab/tv/tv_producer/programs_produced./tv/tv_producer_term/producer_type,http://bias.org/entity/m/0ckd1,225,225,1.0
http://bias.org/vocab/olympics/olympic_games/sports,http://bias.org/entity/m/0crlz,43,22,0.5116279
http://bias.org/vocab/olympics/olympic_games/sports,http://bias.org/entity/m/02y8z,43,22,0.5116279
http://bias.org/vocab/olympics/olympic_games/sports,http://bias.org/entity/m/02vx4,43,23,0.53488374
http://bias.org/vocab/olympics/olympic_games/sports,http://bias.org/entity/m/06wrt,43,22,0.5116279
http://bias.org/vocab/olympics/olympic_games/sports,http://bias.org/entity/m/0bynt,43,23,0.53488374
http://bias.org/vocab/olympics/olympic_games/sports,http://bias.org/entity/m/096f8,43,22,0.5116279
http://bias.org/vocab/olympics/olympic_games/sports,http://bias.org/entity/m/071t0,43,22,0.5116279
http://bias.org/vocab/olympics/olympic_games/sports,http://bias.org/entity/m/06z6r,43,22,0.5116279
http://bias.org/vocab/olympics/olympic_games/sports,http://bias.org/entity/m/01hp22,43,23,0.53488374
http://bias.org/vocab/organization/organization/headquarters./location/mailing_address/country,http://bias.org/entity/m/09c7w0,180,177,0.98333335
http://bias.org/vocab/travel/travel_destination/how_to_get_here./travel/transportation/mode_of_transportation,http://bias.org/entity/m/01bjv,70,46,0.6571429
http://bias.org/vocab/travel/travel_destination/how_to_get_here./travel/transportation/mode_of_transportation,http://bias.org/entity/m/07jdr,70,43,0.6142857
http://bias.org/vocab/travel/travel_destination/how_to_get_here./travel/transportation/mode_of_transportation,http://bias.org/entity/m/025t3bg,70,52,0.74285716
http://bias.org/vocab/base/aareas/schema/administrative_area/administrative_area_type,http://bias.org/entity/m/0hzc9wc,156,156,1.0
http://bias.org/vocab/government/governmental_body/members./government/government_position_held/legislative_sessions,http://bias.org/entity/m/04fhps,7,4,0.5714286
http://bias.org/vocab/sports/sports_team/roster./baseball/baseball_roster_position/position,http://bias.org/entity/m/01z9v6,40,33,0.825
http://bias.org/vocab/sports/sports_team/roster./baseball/baseball_roster_position/position,http://bias.org/entity/m/02wszf,40,34,0.85
http://bias.org/vocab/sports/sports_team/roster./baseball/baseball_roster_position/position,http://bias.org/entity/m/02lyr4,40,32,0.8
http://bias.org/vocab/sports/sports_team/roster./baseball/baseball_roster_position/position,http://bias.org/entity/m/028c_8,40,35,0.875
http://bias.org/vocab/sports/sports_team/roster./basketball/basketball_roster_position/position,http://bias.org/entity/m/03558l,50,32,0.64
http://bias.org/vocab/sports/sports_team/roster./basketball/basketball_roster_position/position,http://bias.org/entity/m/0355dz,50,27,0.54
http://bias.org/vocab/sports/sports_team/roster./basketball/basketball_roster_position/position,http://bias.org/entity/m/01pv51,50,30,0.6
http://bias.org/vocab/sports/sports_team/roster./basketball/basketball_roster_position/position,http://bias.org/entity/m/02sf_r,50,32,0.64
http://bias.org/vocab/sports/sports_team/roster./basketball/basketball_roster_position/position,http://bias.org/entity/m/02_ssl,50,36,0.72
http://bias.org/vocab/film/actor/film./film/performance/special_performance_type,http://bias.org/entity/m/01pb34,179,122,0.6815643
http://bias.org/vocab/location/statistical_region/gni_per_capita_in_ppp_dollars./measurement_unit/dated_money_value/currency,http://bias.org/entity/m/09nqf,149,149,1.0
http://bias.org/vocab/travel/travel_destination/climate./travel/travel_destination_monthly_climate/month,http://bias.org/entity/m/05lf_,56,43,0.76785713
http://bias.org/vocab/travel/travel_destination/climate./travel/travel_destination_monthly_climate/month,http://bias.org/entity/m/028kb,56,45,0.8035714
http://bias.org/vocab/travel/travel_destination/climate./travel/travel_destination_monthly_climate/month,http://bias.org/entity/m/04wzr,56,47,0.83928573
http://bias.org/vocab/travel/travel_destination/climate./travel/travel_destination_monthly_climate/month,http://bias.org/entity/m/06vkl,56,41,0.73214287
http://bias.org/vocab/travel/travel_destination/climate./travel/travel_destination_monthly_climate/month,http://bias.org/entity/m/05cw8,56,45,0.8035714
http://bias.org/vocab/travel/travel_destination/climate./travel/travel_destination_monthly_climate/month,http://bias.org/entity/m/040fv,56,43,0.76785713
http://bias.org/vocab/travel/travel_destination/climate./travel/travel_destination_monthly_climate/month,http://bias.org/entity/m/03_ly,56,46,0.8214286
http://bias.org/vocab/travel/travel_destination/climate./travel/travel_destination_monthly_climate/month,http://bias.org/entity/m/0lkm,56,46,0.8214286
http://bias.org/vocab/travel/travel_destination/climate./travel/travel_destination_monthly_climate/month,http://bias.org/entity/m/02xx5,56,46,0.8214286
http://bias.org/vocab/travel/travel_destination/climate./travel/travel_destination_monthly_climate/month,http://bias.org/entity/m/040fb,56,41,0.73214287
http://bias.org/vocab/travel/travel_destination/climate./travel/travel_destination_monthly_climate/month,http://bias.org/entity/m/04w_7,56,47,0.83928573
http://bias.org/vocab/travel/travel_destination/climate./travel/travel_destination_monthly_climate/month,http://bias.org/entity/m/0ll3,56,45,0.8035714
http://bias.org/vocab/organization/non_profit_organization/registered_with./organization/non_profit_registration/registering_agency,http://bias.org/entity/m/03z19,125,125,1.0
http://bias.org/vocab/base/marchmadness/ncaa_basketball_tournament/seeds./base/marchmadness/ncaa_tournament_seed/team,http://bias.org/entity/m/026xxv_,29,20,0.6896552
http://bias.org/vocab/base/marchmadness/ncaa_basketball_tournament/seeds./base/marchmadness/ncaa_tournament_seed/team,http://bias.org/entity/m/02pjzvh,29,16,0.55172414
http://bias.org/vocab/base/marchmadness/ncaa_basketball_tournament/seeds./base/marchmadness/ncaa_tournament_seed/team,http://bias.org/entity/m/03by7wc,29,20,0.6896552
http://bias.org/vocab/base/marchmadness/ncaa_basketball_tournament/seeds./base/marchmadness/ncaa_tournament_seed/team,http://bias.org/entity/m/02q4ntp,29,21,0.7241379
http://bias.org/vocab/base/marchmadness/ncaa_basketball_tournament/seeds./base/marchmadness/ncaa_tournament_seed/team,http://bias.org/entity/m/02pzy52,29,17,0.5862069
http://bias.org/vocab/base/marchmadness/ncaa_basketball_tournament/seeds./base/marchmadness/ncaa_tournament_seed/team,http://bias.org/entity/m/026w398,29,18,0.62068963
http://bias.org/vocab/base/marchmadness/ncaa_basketball_tournament/seeds./base/marchmadness/ncaa_tournament_seed/team,http://bias.org/entity/m/02pqcfz,29,17,0.5862069
http://bias.org/vocab/base/marchmadness/ncaa_basketball_tournament/seeds./base/marchmadness/ncaa_tournament_seed/team,http://bias.org/entity/m/02plv57,29,18,0.62068963
http://bias.org/vocab/base/marchmadness/ncaa_basketball_tournament/seeds./base/marchmadness/ncaa_tournament_seed/team,http://bias.org/entity/m/091tgz,29,21,0.7241379
http://bias.org/vocab/base/marchmadness/ncaa_basketball_tournament/seeds./base/marchmadness/ncaa_tournament_seed/team,http://bias.org/entity/m/02py8_w,29,18,0.62068963
http://bias.org/vocab/base/marchmadness/ncaa_basketball_tournament/seeds./base/marchmadness/ncaa_tournament_seed/team,http://bias.org/entity/m/026wlnm,29,21,0.7241379
http://bias.org/vocab/base/marchmadness/ncaa_basketball_tournament/seeds./base/marchmadness/ncaa_tournament_seed/team,http://bias.org/entity/m/03y9p40,29,21,0.7241379
http://bias.org/vocab/base/marchmadness/ncaa_basketball_tournament/seeds./base/marchmadness/ncaa_tournament_seed/team,http://bias.org/entity/m/02qk2d5,29,21,0.7241379
http://bias.org/vocab/base/marchmadness/ncaa_basketball_tournament/seeds./base/marchmadness/ncaa_tournament_seed/team,http://bias.org/entity/m/027yf83,29,15,0.51724136
http://bias.org/vocab/education/university/international_tuition./measurement_unit/dated_money_value/currency,http://bias.org/entity/m/01nv4h,117,65,0.5555556
http://bias.org/vocab/business/business_operation/assets./measurement_unit/dated_money_value/currency,http://bias.org/entity/m/09nqf,181,180,0.9944751
http://bias.org/vocab/government/politician/government_positions_held./government/government_position_held/jurisdiction_of_office,http://bias.org/entity/m/09c7w0,75,45,0.6
http://bias.org/vocab/film/film/distributors./film/film_film_distributor_relationship/region,http://bias.org/entity/m/07ssc,134,127,0.9477612
http://bias.org/vocab/base/schemastaging/organization_extra/phone_number./base/schemastaging/phone_sandbox/service_language,http://bias.org/entity/m/02h40lc,134,130,0.9701493
http://bias.org/vocab/education/university/fraternities_and_sororities,http://bias.org/entity/m/035tlh,114,59,0.51754385
http://bias.org/vocab/education/university/fraternities_and_sororities,http://bias.org/entity/m/0325pb,114,65,0.5701754
http://bias.org/vocab/award/award_category/category_of,http://bias.org/entity/m/0c4ys,148,79,0.5337838
http://bias.org/vocab/base/schemastaging/organization_extra/phone_number./base/schemastaging/phone_sandbox/contact_category,http://bias.org/entity/m/03w5xm,111,90,0.8108108
http://bias.org/vocab/sports/sports_position/players./american_football/football_historical_roster_position/position_s,http://bias.org/entity/m/02g_6x,18,11,0.6111111
http://bias.org/vocab/user/alexander/philosophy/philosopher/interests,http://bias.org/entity/m/02jcc,39,20,0.51282054
http://bias.org/vocab/film/person_or_entity_appearing_in_film/films./film/personal_film_appearance/type_of_appearance,http://bias.org/entity/m/01jdpf,37,37,1.0
http://bias.org/vocab/broadcast/content/artist,http://bias.org/entity/m/01jcxwp,6,5,0.8333333
http://bias.org/vocab/film/actor/dubbing_performances./film/dubbing_performance/language,http://bias.org/entity/m/02h40lc,111,109,0.981982
